--
-- PostgreSQL database dump
--

\restrict CRmhNBALTLFdtor5Rn9xUyZoWoXjPRyyNklnEpFlz7RmbsKhybsjnU2lnI64lv7

-- Dumped from database version 15.15
-- Dumped by pg_dump version 15.15

SET statement_timeout = 0;
SET lock_timeout = 0;
SET idle_in_transaction_session_timeout = 0;
SET client_encoding = 'UTF8';
SET standard_conforming_strings = on;
SELECT pg_catalog.set_config('search_path', '', false);
SET check_function_bodies = false;
SET xmloption = content;
SET client_min_messages = warning;
SET row_security = off;

SET default_tablespace = '';

SET default_table_access_method = heap;

--
-- Name: agroforestry_types; Type: TABLE; Schema: public; Owner: postgres
--

CREATE TABLE public.agroforestry_types (
    id integer NOT NULL,
    type_name character varying(15) NOT NULL
);


ALTER TABLE public.agroforestry_types OWNER TO postgres;

--
-- Name: agroforestry_types_id_seq; Type: SEQUENCE; Schema: public; Owner: postgres
--

CREATE SEQUENCE public.agroforestry_types_id_seq
    AS integer
    START WITH 1
    INCREMENT BY 1
    NO MINVALUE
    NO MAXVALUE
    CACHE 1;


ALTER TABLE public.agroforestry_types_id_seq OWNER TO postgres;

--
-- Name: agroforestry_types_id_seq; Type: SEQUENCE OWNED BY; Schema: public; Owner: postgres
--

ALTER SEQUENCE public.agroforestry_types_id_seq OWNED BY public.agroforestry_types.id;


--
-- Name: alembic_version; Type: TABLE; Schema: public; Owner: postgres
--

CREATE TABLE public.alembic_version (
    version_num character varying(32) NOT NULL
);


ALTER TABLE public.alembic_version OWNER TO postgres;

--
-- Name: farm_agroforestry_association; Type: TABLE; Schema: public; Owner: postgres
--

CREATE TABLE public.farm_agroforestry_association (
    farm_id integer NOT NULL,
    agroforestry_type_id integer NOT NULL
);


ALTER TABLE public.farm_agroforestry_association OWNER TO postgres;

--
-- Name: farms; Type: TABLE; Schema: public; Owner: postgres
--

CREATE TABLE public.farms (
    id integer NOT NULL,
    rainfall_mm integer NOT NULL,
    temperature_celsius integer NOT NULL,
    elevation_m integer NOT NULL,
    ph double precision NOT NULL,
    soil_texture_id integer NOT NULL,
    area_ha double precision NOT NULL,
    latitude double precision NOT NULL,
    longitude double precision NOT NULL,
    coastal boolean NOT NULL,
    riparian boolean NOT NULL,
    nitrogen_fixing boolean NOT NULL,
    shade_tolerant boolean NOT NULL,
    bank_stabilising boolean NOT NULL,
    slope double precision NOT NULL
);


ALTER TABLE public.farms OWNER TO postgres;

--
-- Name: farms_id_seq; Type: SEQUENCE; Schema: public; Owner: postgres
--

CREATE SEQUENCE public.farms_id_seq
    AS integer
    START WITH 1
    INCREMENT BY 1
    NO MINVALUE
    NO MAXVALUE
    CACHE 1;


ALTER TABLE public.farms_id_seq OWNER TO postgres;

--
-- Name: farms_id_seq; Type: SEQUENCE OWNED BY; Schema: public; Owner: postgres
--

ALTER SEQUENCE public.farms_id_seq OWNED BY public.farms.id;


--
-- Name: soil_textures; Type: TABLE; Schema: public; Owner: postgres
--

CREATE TABLE public.soil_textures (
    id integer NOT NULL,
    texture_name character varying(15) NOT NULL
);


ALTER TABLE public.soil_textures OWNER TO postgres;

--
-- Name: soil_textures_id_seq; Type: SEQUENCE; Schema: public; Owner: postgres
--

CREATE SEQUENCE public.soil_textures_id_seq
    AS integer
    START WITH 1
    INCREMENT BY 1
    NO MINVALUE
    NO MAXVALUE
    CACHE 1;


ALTER TABLE public.soil_textures_id_seq OWNER TO postgres;

--
-- Name: soil_textures_id_seq; Type: SEQUENCE OWNED BY; Schema: public; Owner: postgres
--

ALTER SEQUENCE public.soil_textures_id_seq OWNED BY public.soil_textures.id;


--
-- Name: species; Type: TABLE; Schema: public; Owner: postgres
--

CREATE TABLE public.species (
    id integer NOT NULL,
    name character varying NOT NULL,
    common_name character varying NOT NULL,
    rainfall_mm_min integer NOT NULL,
    rainfall_mm_max integer NOT NULL,
    temperature_celsius_min integer NOT NULL,
    temperature_celsius_max integer NOT NULL,
    elevation_m_min integer NOT NULL,
    elevation_m_max integer NOT NULL,
    ph_min double precision NOT NULL,
    ph_max double precision NOT NULL,
    preferred_soil_texture_id integer NOT NULL,
    coastal boolean NOT NULL,
    riparian boolean NOT NULL,
    nitrogen_fixing boolean NOT NULL,
    shade_tolerant boolean NOT NULL,
    bank_stabilising boolean NOT NULL
);


ALTER TABLE public.species OWNER TO postgres;

--
-- Name: species_agroforestry_association; Type: TABLE; Schema: public; Owner: postgres
--

CREATE TABLE public.species_agroforestry_association (
    species_id integer NOT NULL,
    agroforestry_type_id integer NOT NULL
);


ALTER TABLE public.species_agroforestry_association OWNER TO postgres;

--
-- Name: species_id_seq; Type: SEQUENCE; Schema: public; Owner: postgres
--

CREATE SEQUENCE public.species_id_seq
    AS integer
    START WITH 1
    INCREMENT BY 1
    NO MINVALUE
    NO MAXVALUE
    CACHE 1;


ALTER TABLE public.species_id_seq OWNER TO postgres;

--
-- Name: species_id_seq; Type: SEQUENCE OWNED BY; Schema: public; Owner: postgres
--

ALTER SEQUENCE public.species_id_seq OWNED BY public.species.id;


--
-- Name: agroforestry_types id; Type: DEFAULT; Schema: public; Owner: postgres
--

ALTER TABLE ONLY public.agroforestry_types ALTER COLUMN id SET DEFAULT nextval('public.agroforestry_types_id_seq'::regclass);


--
-- Name: farms id; Type: DEFAULT; Schema: public; Owner: postgres
--

ALTER TABLE ONLY public.farms ALTER COLUMN id SET DEFAULT nextval('public.farms_id_seq'::regclass);


--
-- Name: soil_textures id; Type: DEFAULT; Schema: public; Owner: postgres
--

ALTER TABLE ONLY public.soil_textures ALTER COLUMN id SET DEFAULT nextval('public.soil_textures_id_seq'::regclass);


--
-- Name: species id; Type: DEFAULT; Schema: public; Owner: postgres
--

ALTER TABLE ONLY public.species ALTER COLUMN id SET DEFAULT nextval('public.species_id_seq'::regclass);


--
-- Data for Name: agroforestry_types; Type: TABLE DATA; Schema: public; Owner: postgres
--

COPY public.agroforestry_types (id, type_name) FROM stdin;
1	BLOCK
2	BOUNDARY
3	INTERCROPPING
4	MOSAIC
\.


--
-- Data for Name: alembic_version; Type: TABLE DATA; Schema: public; Owner: postgres
--

COPY public.alembic_version (version_num) FROM stdin;
08144ce28c39
\.


--
-- Data for Name: farm_agroforestry_association; Type: TABLE DATA; Schema: public; Owner: postgres
--

COPY public.farm_agroforestry_association (farm_id, agroforestry_type_id) FROM stdin;
1	2
1	4
1	3
2	3
3	4
3	3
4	1
4	4
6	2
7	3
7	1
9	3
11	1
11	2
11	4
12	2
14	4
15	1
15	2
15	3
17	2
17	1
17	3
18	2
18	3
19	3
19	4
19	2
21	1
21	3
22	2
22	1
22	3
23	2
23	3
23	4
24	1
24	3
24	4
25	4
25	1
27	2
28	4
29	4
30	1
30	4
30	2
31	4
31	1
31	3
32	3
33	1
33	2
33	3
34	3
34	2
34	4
35	3
36	2
36	3
36	4
37	1
38	2
38	3
38	1
39	4
39	1
39	3
41	1
43	3
43	2
44	3
45	4
48	2
49	2
49	1
49	3
50	3
50	4
51	3
53	4
54	2
56	2
56	4
56	1
57	4
57	2
57	1
60	1
61	2
61	1
61	4
62	4
63	3
63	1
64	4
64	2
65	2
66	4
66	1
66	3
67	1
68	3
69	3
70	3
70	1
71	3
71	1
72	2
72	1
73	1
73	3
75	4
75	3
75	2
76	3
76	4
77	4
78	2
78	3
79	3
79	2
80	1
80	3
82	1
82	4
83	2
83	4
84	4
85	3
87	4
87	3
89	3
89	2
90	1
90	3
91	3
91	2
91	1
93	3
94	4
97	2
97	4
99	1
100	1
101	2
101	1
103	4
103	2
104	1
104	2
104	3
105	2
105	1
105	4
106	1
109	3
109	4
109	2
110	1
111	1
112	4
113	1
113	2
114	1
114	3
115	2
115	1
116	4
117	1
117	4
117	3
118	3
119	3
119	4
121	3
123	3
124	1
124	3
124	2
125	1
128	1
130	4
131	4
135	4
135	2
136	1
137	4
138	2
139	2
139	4
139	1
142	4
142	2
143	1
143	2
146	3
147	3
147	2
149	2
150	4
150	3
150	2
151	2
151	1
151	4
152	2
153	4
153	1
153	3
154	1
154	2
155	2
156	1
157	3
157	4
158	1
158	3
158	4
160	4
160	2
161	4
161	1
161	3
162	1
162	3
164	3
164	1
165	4
165	3
165	2
166	1
166	2
167	1
168	3
168	2
169	2
170	1
171	2
171	3
171	1
173	1
174	4
175	4
177	2
178	1
181	4
182	1
182	4
182	2
183	1
183	3
184	1
184	3
186	2
187	1
187	3
188	4
188	2
190	2
190	3
191	4
192	1
192	3
193	3
193	1
193	2
197	4
198	1
199	1
200	3
201	3
201	1
202	3
202	4
202	2
203	1
203	2
204	1
205	3
207	3
208	2
208	1
209	2
209	4
209	1
210	2
211	1
211	3
211	2
212	3
212	1
212	2
214	4
216	1
216	2
218	3
218	1
218	2
219	2
220	3
220	4
220	1
221	1
222	1
222	2
223	3
225	2
225	3
225	4
226	4
226	1
227	3
227	2
229	1
229	4
230	4
230	2
230	1
231	1
232	1
232	3
232	2
233	4
233	2
233	3
234	3
234	4
234	2
236	3
236	1
238	3
238	1
239	2
240	3
242	2
244	4
245	4
245	2
245	1
246	2
247	4
247	1
247	2
248	1
248	4
249	1
250	4
251	3
251	4
251	1
252	1
252	2
252	3
254	3
255	2
257	3
258	4
258	2
259	3
259	2
259	4
260	4
260	1
261	2
261	3
265	1
265	4
266	2
267	3
268	4
268	3
269	1
269	3
269	4
271	3
272	1
273	4
273	2
273	3
275	4
276	4
276	1
278	1
278	2
279	1
280	2
280	4
280	3
281	3
282	2
283	1
285	3
285	1
288	2
288	4
288	3
289	3
291	3
292	2
292	3
292	4
294	3
295	4
296	1
296	2
298	2
298	3
301	4
301	1
302	4
302	2
302	3
303	3
303	1
306	4
306	3
308	3
310	3
310	2
310	1
311	3
312	2
313	4
313	2
313	3
315	2
317	3
317	1
318	4
318	3
318	1
319	1
320	2
320	1
323	4
323	3
324	1
324	4
325	1
325	2
326	4
326	1
327	1
329	3
330	1
330	2
330	4
332	2
333	2
333	3
335	1
336	3
336	1
337	1
338	4
338	1
339	2
340	3
340	4
340	1
341	1
341	4
342	2
342	1
343	4
344	1
345	3
345	4
345	2
346	1
347	1
347	2
347	4
348	2
349	3
350	3
350	1
350	2
353	3
353	2
356	1
357	2
358	2
358	3
359	2
359	3
360	3
361	3
362	3
363	4
365	2
366	4
366	3
367	4
367	3
367	2
368	1
369	2
370	3
370	4
371	3
372	3
372	2
373	1
373	2
373	3
375	2
375	4
376	1
376	3
377	1
378	2
379	4
379	1
380	4
380	1
380	3
381	3
382	4
382	1
383	3
385	2
386	3
386	4
387	3
387	2
389	4
392	2
393	1
395	2
395	1
396	4
397	3
397	4
398	2
399	1
399	3
400	1
401	1
401	2
401	4
402	3
402	4
402	1
403	1
404	2
405	4
405	1
407	4
407	3
409	4
409	1
411	2
412	4
412	2
412	3
413	4
414	2
414	3
415	4
416	4
417	2
417	1
418	1
419	4
419	3
420	3
421	1
422	1
423	1
423	4
424	4
424	3
425	4
425	2
425	3
426	1
427	4
428	4
429	1
431	4
431	2
432	4
433	4
433	1
433	2
434	1
434	2
434	3
435	4
435	3
438	3
439	1
440	4
440	3
445	1
446	2
448	3
448	4
449	3
450	4
451	1
451	3
452	4
453	1
455	4
455	1
457	1
458	2
458	3
459	1
460	1
461	3
463	4
464	4
464	1
465	1
465	4
466	1
467	4
468	4
469	4
470	2
471	4
472	2
473	4
473	3
474	1
474	2
475	3
475	4
475	2
476	3
477	1
478	4
478	1
478	2
479	4
479	2
481	2
482	3
482	4
483	4
483	3
484	2
484	3
484	4
487	2
487	3
488	1
491	2
491	1
493	4
494	4
496	2
497	3
498	1
498	4
499	2
499	4
500	1
500	2
501	3
502	1
504	4
505	3
505	2
506	2
506	4
506	1
507	2
508	3
509	3
509	4
509	1
510	4
510	1
511	4
512	4
512	3
513	4
514	1
515	3
515	2
516	4
517	3
517	1
517	4
519	4
520	1
520	2
521	3
522	2
522	4
522	3
525	3
527	4
528	4
528	3
528	2
529	2
530	3
530	1
531	4
532	1
532	2
533	4
533	3
534	1
535	3
535	4
536	1
537	1
537	4
538	3
538	2
538	1
539	2
540	3
541	4
542	3
542	2
545	3
545	4
546	2
546	3
546	4
547	4
547	1
548	2
548	1
549	3
550	3
550	4
551	3
551	1
551	2
552	4
553	4
553	1
554	3
554	1
554	4
555	4
555	3
556	4
556	1
556	2
557	1
557	3
557	4
558	1
559	1
559	4
560	1
563	2
563	3
563	4
564	1
565	4
565	2
566	3
566	2
568	4
568	1
569	2
570	4
571	2
571	3
572	1
572	4
573	1
576	2
577	3
578	2
579	3
581	1
582	3
583	1
583	3
584	4
585	4
586	2
586	1
586	3
587	3
588	2
588	1
589	4
589	3
589	2
590	2
590	3
590	4
591	1
592	1
593	2
596	4
597	1
597	4
597	3
599	4
602	3
605	4
606	4
606	1
607	1
609	3
609	2
610	1
611	2
612	3
613	4
613	3
614	1
615	1
615	4
617	3
617	1
620	2
620	4
620	3
621	2
621	4
621	1
622	4
623	4
623	1
624	3
625	3
625	2
625	4
627	3
628	2
628	1
629	1
633	1
633	4
634	2
635	2
635	1
635	3
636	3
636	4
636	1
637	4
637	2
638	2
639	3
639	2
639	1
640	2
640	4
641	1
641	3
642	1
642	4
643	1
644	2
645	1
645	4
647	4
647	2
649	1
649	4
650	4
650	1
651	3
651	1
651	2
652	1
653	1
654	3
654	1
654	4
655	2
656	3
657	4
658	3
658	1
660	4
660	3
661	3
662	1
662	2
663	1
664	3
664	2
664	1
665	3
665	2
666	3
666	2
667	4
668	4
669	2
670	2
671	3
671	4
672	4
673	3
673	2
674	4
676	2
679	4
679	2
680	4
680	2
680	3
681	4
682	4
684	4
685	2
688	3
688	2
689	1
689	3
692	2
693	2
693	4
693	1
695	3
695	1
695	4
696	4
697	3
698	2
698	3
700	2
701	4
701	1
702	1
703	1
703	4
705	1
705	4
706	2
706	3
706	1
707	2
707	1
707	3
709	4
710	4
710	1
710	2
711	1
712	2
712	4
713	1
713	3
714	4
714	1
714	3
715	1
716	3
717	1
717	2
718	1
720	3
721	4
721	3
721	2
722	4
723	3
726	3
726	4
726	2
727	4
727	2
728	2
728	4
729	1
729	3
730	2
731	1
732	4
732	1
733	4
733	2
736	4
736	1
739	2
739	3
739	1
740	4
741	4
742	2
742	3
742	1
744	1
744	4
745	3
745	1
748	1
750	3
751	2
751	3
751	1
752	2
752	1
752	4
753	4
753	2
753	1
756	1
757	3
757	2
757	4
758	4
759	3
759	4
760	3
760	1
760	2
761	2
761	3
761	1
762	3
763	2
763	3
764	4
766	3
767	4
768	3
768	2
768	4
771	3
772	1
772	3
772	2
773	3
776	2
777	4
777	1
778	1
778	3
781	1
781	4
783	1
783	4
784	4
784	1
785	1
785	2
786	4
787	3
787	2
788	4
788	3
788	2
789	3
789	2
789	1
791	1
791	2
794	2
794	1
795	2
796	3
796	2
797	4
797	1
797	2
798	2
798	3
799	2
799	4
799	3
802	1
803	4
803	1
803	3
806	3
807	2
808	2
809	4
810	1
810	3
811	3
811	4
811	1
814	2
815	3
816	4
817	4
818	1
818	2
819	1
819	4
820	1
821	4
822	1
823	2
823	1
823	3
824	1
825	3
826	3
827	2
828	2
829	1
829	2
829	3
830	3
830	1
831	1
833	4
833	2
834	4
835	4
835	2
835	3
836	1
837	3
838	4
839	3
839	2
840	1
840	2
841	2
842	3
842	4
842	2
844	2
845	1
846	1
847	4
847	3
847	2
848	1
848	4
849	2
850	1
851	2
852	1
854	2
854	1
857	2
857	4
857	3
858	1
859	1
859	3
859	2
860	4
860	1
863	3
863	1
864	2
864	1
865	3
865	2
867	2
867	1
868	1
868	3
871	4
873	1
874	3
875	3
875	4
876	3
876	2
879	3
880	3
883	2
883	1
884	3
884	2
885	3
886	1
887	1
887	3
888	4
889	4
890	3
890	1
890	4
892	3
892	4
893	4
893	3
893	1
894	4
894	3
896	1
896	2
897	3
897	4
897	2
898	4
898	2
899	3
900	2
900	1
901	3
902	4
902	3
906	1
906	2
906	4
907	4
908	2
909	2
910	3
912	3
912	4
913	4
914	1
917	1
918	2
919	2
920	3
921	4
922	2
923	4
924	4
924	2
925	2
926	1
926	3
931	1
933	4
934	3
934	1
935	1
935	2
936	2
936	3
936	4
937	1
938	3
940	4
940	3
941	2
942	1
942	2
942	4
943	3
944	2
944	1
945	3
945	4
945	1
946	4
947	1
948	3
949	3
950	1
950	2
952	4
953	3
953	1
953	2
956	1
956	2
956	4
957	1
957	4
957	3
958	4
958	3
959	1
960	4
962	4
963	3
966	3
966	1
967	2
967	4
968	3
969	2
972	2
973	1
974	3
974	4
974	2
975	3
979	3
980	3
981	4
981	1
981	2
982	4
982	1
984	2
984	4
985	3
985	2
985	4
986	3
987	1
987	2
988	3
989	1
989	3
989	4
990	2
991	3
992	3
992	2
994	2
994	1
995	3
996	2
997	3
998	4
999	2
1000	2
1001	3
1001	4
1003	2
1003	3
1004	2
1005	2
1006	4
1007	4
1009	3
1010	1
1010	2
1011	3
1011	2
1014	2
1015	3
1015	2
1016	1
1018	4
1019	4
1019	2
1020	1
1020	4
1021	4
1023	2
1023	4
1024	4
1025	3
1025	1
1025	4
1026	2
1026	1
1026	3
1027	2
1027	3
1028	2
1028	3
1030	1
1031	4
1031	1
1032	4
1033	2
1036	1
1037	1
1037	4
1039	1
1039	4
1039	3
1042	4
1042	1
1044	3
1047	1
1048	2
1050	1
1050	3
1051	1
1051	4
1051	3
1052	2
1053	2
1054	4
1054	2
1054	3
1055	4
1055	2
1055	1
1056	3
1057	1
1057	3
1058	3
1059	4
1059	2
1060	2
1061	2
1061	3
1063	2
1063	1
1064	4
1064	1
1064	2
1065	4
1066	3
1067	4
1067	2
1068	1
1070	2
1070	1
1070	3
1071	1
1072	2
1072	1
1072	3
1073	2
1073	4
1075	2
1075	1
1076	4
1077	4
1077	1
1078	1
1079	2
1080	4
1080	3
1081	4
1082	3
1082	4
1082	1
1083	3
1084	1
1085	4
1085	1
1085	3
1086	2
1087	2
1087	4
1087	1
1092	3
1093	4
1093	2
1094	3
1094	1
1096	4
1096	3
1097	3
1097	1
1098	4
1098	2
1099	3
1100	3
1100	2
1101	2
1101	4
1102	3
1102	4
1103	3
1103	2
1104	3
1105	4
1106	2
1106	4
1108	3
1109	2
1109	4
1111	3
1113	4
1114	3
1114	4
1115	3
1116	1
1116	4
1116	2
1117	4
1117	1
1118	1
1118	2
1118	4
1119	1
1119	3
1120	1
1121	2
1121	1
1122	1
1122	3
\.


--
-- Data for Name: farms; Type: TABLE DATA; Schema: public; Owner: postgres
--

COPY public.farms (id, rainfall_mm, temperature_celsius, elevation_m, ph, soil_texture_id, area_ha, latitude, longitude, coastal, riparian, nitrogen_fixing, shade_tolerant, bank_stabilising, slope) FROM stdin;
1	1958	23	585	6.2	12	0.37	111.111	111.111	f	f	f	f	f	36
2	1958	23	481	6.2	12	0.49	111.111	111.111	f	f	f	f	f	60
3	2020	25	179	8.2	3	1.22	111.111	111.111	f	f	f	f	f	71
4	2553	24	259	5.9	3	0.47	111.111	111.111	f	f	f	f	f	37
5	2020	25	129	7	12	2.05	111.111	111.111	f	f	f	f	f	39
6	2011	23	658	7	12	0.87	111.111	111.111	f	f	f	f	f	60
7	2553	19	1312	6.2	12	0.12	111.111	111.111	f	f	f	f	f	33
8	2011	23	745	7	12	0.36	111.111	111.111	f	f	f	f	f	79
9	1958	24	451	7	12	0.32	111.111	111.111	f	f	f	f	f	7
10	1958	24	421	7	12	0.98	111.111	111.111	f	f	f	f	f	34
11	2020	25	127	7	12	2.15	111.111	111.111	f	f	f	f	f	72
12	2020	25	198	7	12	1.77	111.111	111.111	f	f	f	f	f	14
13	1958	23	550	6.2	8	0.23	111.111	111.111	f	f	f	f	f	59
14	2020	24	373	5.9	3	0.06	111.111	111.111	f	f	f	f	f	73
15	2553	24	246	5.9	3	0.45	111.111	111.111	f	f	f	f	f	13
16	1821	25	78	6.8	12	0.28	111.111	111.111	f	f	f	f	f	17
17	2553	23	957	6.2	12	0.68	111.111	111.111	f	f	f	f	f	10
18	2020	24	300	7	12	0.82	111.111	111.111	f	f	f	f	f	74
19	2553	23	887	6.2	12	0.25	111.111	111.111	f	f	f	f	f	55
20	2553	23	930	6.2	12	0.25	111.111	111.111	f	f	f	f	f	24
21	1967	24	579	8.2	3	0.81	111.111	111.111	f	f	f	f	f	9
22	1967	24	582	8.2	3	0.93	111.111	111.111	f	f	f	f	f	59
23	2059	23	670	8.2	3	2.14	111.111	111.111	f	f	f	f	f	75
24	1967	24	637	8.2	3	0.97	111.111	111.111	f	f	f	f	f	41
25	1967	24	635	8.2	3	0.99	111.111	111.111	f	f	f	f	f	57
26	1967	24	589	8.2	3	0.63	111.111	111.111	f	f	f	f	f	49
27	2448	22	824	6	3	1.25	111.111	111.111	f	f	f	f	f	27
28	2448	22	858	6	3	0.62	111.111	111.111	f	f	f	f	f	38
29	2448	22	800	6	3	0.45	111.111	111.111	f	f	f	f	f	40
30	2448	22	782	6	3	0.78	111.111	111.111	f	f	f	f	f	11
31	2201	22	879	8.2	3	0.88	111.111	111.111	f	f	f	f	f	21
32	2448	22	951	6.2	12	1.31	111.111	111.111	f	f	f	f	f	47
33	2448	22	921	6.2	12	0.9	111.111	111.111	f	f	f	f	f	82
34	2448	22	741	6.5	8	1.01	111.111	111.111	f	f	f	f	f	81
35	2448	22	825	6	3	0.7	111.111	111.111	f	f	f	f	f	86
36	2478	22	999	6	3	0.36	111.111	111.111	f	f	f	f	f	54
37	2478	22	1074	6.2	12	0.95	111.111	111.111	f	f	f	f	f	37
38	2478	21	1079	6.2	12	0.95	111.111	111.111	f	f	f	f	f	64
39	1580	26	32	6.8	12	0.53	111.111	111.111	f	f	f	f	f	18
40	1580	25	18	6.8	4	0.21	111.111	111.111	f	f	f	f	f	45
41	1580	25	21	7.5	4	0.3	111.111	111.111	f	f	f	f	f	76
42	1580	25	25	6.8	4	1.48	111.111	111.111	f	f	f	f	f	65
43	1580	26	31	7.5	4	0.45	111.111	111.111	f	f	f	f	f	13
44	1580	25	23	6.8	4	0.46	111.111	111.111	f	f	f	f	f	70
45	1668	26	42	7.5	4	1.05	111.111	111.111	f	f	f	f	f	68
46	1580	25	22	6.8	4	1.14	111.111	111.111	f	f	f	f	f	21
47	1580	25	12	7.5	4	4.92	111.111	111.111	f	f	f	f	f	48
48	1538	25	10	7.5	4	1.89	111.111	111.111	f	f	f	f	f	82
49	1538	25	9	8.3	4	0.9	111.111	111.111	f	f	f	f	f	61
50	1580	25	16	6.8	4	0.59	111.111	111.111	f	f	f	f	f	69
51	1545	26	12	8.5	3	2.07	111.111	111.111	f	f	f	f	f	0
52	1734	24	429	7.2	12	0.21	111.111	111.111	f	f	f	f	f	29
53	1734	24	381	6.7	12	4.08	111.111	111.111	f	f	f	f	f	59
54	1734	25	27	6.5	4	1.2	111.111	111.111	f	f	f	f	f	19
55	1734	25	26	6.5	4	0.84	111.111	111.111	f	f	f	f	f	76
56	1734	25	31	6.7	12	1.22	111.111	111.111	f	f	f	f	f	23
57	1734	25	26	6.5	4	0.79	111.111	111.111	f	f	f	f	f	69
58	1862	24	549	7.8	12	2.21	111.111	111.111	f	f	f	f	f	84
59	2201	22	809	8.2	3	0.47	111.111	111.111	f	f	f	f	f	20
60	2201	22	803	8.2	3	0.35	111.111	111.111	f	f	f	f	f	53
61	2478	22	1013	6.2	12	1.04	111.111	111.111	f	f	f	f	f	29
62	2478	22	1021	6.2	12	0.8	111.111	111.111	f	f	f	f	f	27
63	2478	22	1008	6.2	12	0.47	111.111	111.111	f	f	f	f	f	63
64	2478	22	1001	6	3	0.55	111.111	111.111	f	f	f	f	f	40
65	2201	22	870	8.2	3	1.5	111.111	111.111	f	f	f	f	f	63
66	1580	25	24	7.9	4	0.25	111.111	111.111	f	f	f	f	f	64
67	1580	25	18	6.8	4	0.56	111.111	111.111	f	f	f	f	f	23
68	1538	25	9	8.3	4	0.23	111.111	111.111	f	f	f	f	f	71
69	2201	22	799	8.2	3	0.48	111.111	111.111	f	f	f	f	f	42
70	2201	22	909	8.2	3	0.41	111.111	111.111	f	f	f	f	f	67
71	2201	22	846	8.2	3	0.33	111.111	111.111	f	f	f	f	f	32
72	2201	22	861	8.2	3	0.72	111.111	111.111	f	f	f	f	f	53
73	2201	22	906	8.2	3	0.17	111.111	111.111	f	f	f	f	f	7
74	2201	22	887	8.2	3	0.47	111.111	111.111	f	f	f	f	f	55
75	2478	22	835	8.2	3	1.27	111.111	111.111	f	f	f	f	f	59
76	2201	23	712	8.2	3	0.29	111.111	111.111	f	f	f	f	f	15
77	2448	22	702	6	3	0.98	111.111	111.111	f	f	f	f	f	21
78	2201	22	826	8.2	3	0.61	111.111	111.111	f	f	f	f	f	44
79	2201	22	842	8.2	3	0.68	111.111	111.111	f	f	f	f	f	20
80	2201	22	828	8.2	3	0.39	111.111	111.111	f	f	f	f	f	58
81	2478	22	835	8.2	3	1.27	111.111	111.111	f	f	f	f	f	48
82	2201	22	871	8.2	3	1.15	111.111	111.111	f	f	f	f	f	63
83	2201	23	800	8.2	3	1.41	111.111	111.111	f	f	f	f	f	77
84	2201	23	796	8.2	3	1.45	111.111	111.111	f	f	f	f	f	77
85	2201	23	750	8.2	3	0.62	111.111	111.111	f	f	f	f	f	44
86	2201	22	777	8.2	3	1.27	111.111	111.111	f	f	f	f	f	50
87	2201	23	742	8.2	3	0.47	111.111	111.111	f	f	f	f	f	52
88	2201	22	768	8.2	3	0.32	111.111	111.111	f	f	f	f	f	32
89	2478	22	934	8.2	3	1.14	111.111	111.111	f	f	f	f	f	3
90	2478	22	940	6.2	12	1.17	111.111	111.111	f	f	f	f	f	50
91	2478	22	938	6	3	1.33	111.111	111.111	f	f	f	f	f	89
92	2478	22	1023	6	3	0.44	111.111	111.111	f	f	f	f	f	71
93	2478	21	1055	6	3	1.03	111.111	111.111	f	f	f	f	f	66
94	2478	22	997	6	3	0.34	111.111	111.111	f	f	f	f	f	27
95	2201	23	704	8.2	3	0.83	111.111	111.111	f	f	f	f	f	34
96	2201	22	821	8.2	3	0.09	111.111	111.111	f	f	f	f	f	79
97	2201	23	806	8.2	3	0.9	111.111	111.111	f	f	f	f	f	7
98	1967	23	579	8.2	3	0.64	111.111	111.111	f	f	f	f	f	45
99	1967	23	573	6.6	3	0.69	111.111	111.111	f	f	f	f	f	32
100	1967	24	516	8.2	3	0.79	111.111	111.111	f	f	f	f	f	46
101	1967	24	519	8.2	3	0.7	111.111	111.111	f	f	f	f	f	56
102	2448	22	869	6.2	12	0.78	111.111	111.111	f	f	f	f	f	65
103	2448	22	821	6	3	0.49	111.111	111.111	f	f	f	f	f	58
104	2448	22	685	6	3	0.84	111.111	111.111	f	f	f	f	f	33
105	2059	23	665	8.2	3	0.69	111.111	111.111	f	f	f	f	f	70
106	2059	23	632	8.2	3	0.56	111.111	111.111	f	f	f	f	f	69
107	2201	23	704	8.2	3	1.25	111.111	111.111	f	f	f	f	f	34
108	2201	23	744	8.2	3	0.52	111.111	111.111	f	f	f	f	f	31
109	2201	23	743	8.2	3	0.69	111.111	111.111	f	f	f	f	f	40
110	1967	24	547	8.2	3	2.01	111.111	111.111	f	f	f	f	f	17
111	2201	23	698	8.2	3	0.4	111.111	111.111	f	f	f	f	f	35
112	2201	23	794	8.2	3	0.5	111.111	111.111	f	f	f	f	f	1
113	2201	23	776	8.2	3	0.65	111.111	111.111	f	f	f	f	f	71
114	2201	23	731	8.2	3	1.12	111.111	111.111	f	f	f	f	f	66
115	1580	25	17	6.8	4	0.71	111.111	111.111	f	f	f	f	f	67
116	2478	22	932	6	3	0.91	111.111	111.111	f	f	f	f	f	20
117	2448	22	831	6	3	0.31	111.111	111.111	f	f	f	f	f	79
118	2448	22	832	6	3	0.61	111.111	111.111	f	f	f	f	f	2
119	2478	22	1048	6.2	12	0.99	111.111	111.111	f	f	f	f	f	49
120	2448	22	781	6	3	3.17	111.111	111.111	f	f	f	f	f	89
121	2478	22	1053	8.2	3	0.6	111.111	111.111	f	f	f	f	f	75
122	2478	22	1115	8.2	3	1.15	111.111	111.111	f	f	f	f	f	42
123	2201	22	602	8.2	3	0.92	111.111	111.111	f	f	f	f	f	57
124	2201	22	822	8.2	3	0.52	111.111	111.111	f	f	f	f	f	15
125	2201	22	929	8.2	3	0.49	111.111	111.111	f	f	f	f	f	61
126	2478	22	960	6.2	12	0.44	111.111	111.111	f	f	f	f	f	6
127	2478	22	1033	8.2	3	1.41	111.111	111.111	f	f	f	f	f	74
128	2478	22	929	8.2	3	0.4	111.111	111.111	f	f	f	f	f	71
129	2366	21	736	6.6	3	1.73	111.111	111.111	f	f	f	f	f	82
130	2366	22	698	6.6	3	0.39	111.111	111.111	f	f	f	f	f	34
131	2448	21	815	6.2	12	0.41	111.111	111.111	f	f	f	f	f	19
132	2448	22	961	6.2	12	2.65	111.111	111.111	f	f	f	f	f	60
133	2201	22	927	8.2	3	2.92	111.111	111.111	f	f	f	f	f	25
134	2201	22	859	8.2	3	3.08	111.111	111.111	f	f	f	f	f	37
135	2201	23	1021	8.2	3	0.63	111.111	111.111	f	f	f	f	f	90
136	2201	23	843	8.2	3	1.16	111.111	111.111	f	f	f	f	f	28
137	2201	23	844	8.2	3	2.06	111.111	111.111	f	f	f	f	f	64
138	2201	22	888	8.2	3	0.44	111.111	111.111	f	f	f	f	f	14
139	2201	23	918	8.2	3	1.15	111.111	111.111	f	f	f	f	f	10
140	2217	23	815	8.2	3	0.41	111.111	111.111	f	f	f	f	f	24
141	2201	22	951	8.2	3	0.23	111.111	111.111	f	f	f	f	f	72
142	2201	23	951	8.2	3	0.41	111.111	111.111	f	f	f	f	f	79
143	2228	23	848	8.2	3	0.92	111.111	111.111	f	f	f	f	f	7
144	2201	23	858	8.2	3	0.52	111.111	111.111	f	f	f	f	f	86
145	2366	23	289	6.8	10	1.33	111.111	111.111	f	f	f	f	f	48
146	2366	23	315	6.6	3	1.34	111.111	111.111	f	f	f	f	f	53
147	2366	23	309	6.6	3	1.05	111.111	111.111	f	f	f	f	f	44
148	2366	23	414	6.6	3	0.76	111.111	111.111	f	f	f	f	f	81
149	2448	22	629	6.5	8	5.12	111.111	111.111	f	f	f	f	f	8
150	2448	22	635	6.5	8	0.84	111.111	111.111	f	f	f	f	f	41
151	2448	22	844	6.2	12	0.34	111.111	111.111	f	f	f	f	f	76
152	2448	22	813	6	3	0.6	111.111	111.111	f	f	f	f	f	41
153	2448	22	835	6.2	12	0.75	111.111	111.111	f	f	f	f	f	63
154	2448	22	640	6	3	1.23	111.111	111.111	f	f	f	f	f	20
155	2201	23	813	8.2	3	0.97	111.111	111.111	f	f	f	f	f	66
156	2201	22	793	8.2	3	1.95	111.111	111.111	f	f	f	f	f	67
157	2201	22	746	8.2	3	0.42	111.111	111.111	f	f	f	f	f	55
158	2201	22	732	8.2	3	1.49	111.111	111.111	f	f	f	f	f	19
159	2448	21	834	6.2	12	0.6	111.111	111.111	f	f	f	f	f	15
160	2448	21	811	6.2	12	0.94	111.111	111.111	f	f	f	f	f	45
161	2366	22	729	6.6	3	1.44	111.111	111.111	f	f	f	f	f	34
162	2228	22	838	8.2	3	3.18	111.111	111.111	f	f	f	f	f	56
163	2228	22	953	8.2	3	0.82	111.111	111.111	f	f	f	f	f	28
164	2228	23	750	8.2	3	0.92	111.111	111.111	f	f	f	f	f	9
165	2228	23	706	8.2	3	2	111.111	111.111	f	f	f	f	f	58
166	2228	23	737	8.2	3	1.24	111.111	111.111	f	f	f	f	f	3
167	2448	22	895	6	3	0.69	111.111	111.111	f	f	f	f	f	13
168	2478	22	1034	6.2	12	0.89	111.111	111.111	f	f	f	f	f	26
169	2478	22	950	8.2	3	1.24	111.111	111.111	f	f	f	f	f	36
170	2366	22	747	6.6	3	1.35	111.111	111.111	f	f	f	f	f	13
171	2366	22	726	6.6	3	1.11	111.111	111.111	f	f	f	f	f	44
172	2448	22	758	6.5	8	0.76	111.111	111.111	f	f	f	f	f	12
173	2217	23	894	8.2	3	0.34	111.111	111.111	f	f	f	f	f	25
174	2201	22	937	8.2	3	2.01	111.111	111.111	f	f	f	f	f	38
175	2536	22	1046	8.2	3	0.37	111.111	111.111	f	f	f	f	f	49
176	2536	22	978	8.2	3	0.58	111.111	111.111	f	f	f	f	f	63
177	2536	22	978	8.2	3	0.71	111.111	111.111	f	f	f	f	f	83
178	2536	22	1022	8.2	3	1.37	111.111	111.111	f	f	f	f	f	17
179	2536	22	1008	8.2	3	0.61	111.111	111.111	f	f	f	f	f	57
180	2536	22	1070	8.2	3	0.38	111.111	111.111	f	f	f	f	f	61
181	2536	22	996	8.2	3	1.64	111.111	111.111	f	f	f	f	f	22
182	2536	22	934	8.2	3	0.12	111.111	111.111	f	f	f	f	f	61
183	2536	22	913	8.2	3	0.3	111.111	111.111	f	f	f	f	f	21
184	2536	22	876	8.2	3	1.82	111.111	111.111	f	f	f	f	f	33
185	2536	22	877	8.2	3	1.6	111.111	111.111	f	f	f	f	f	60
186	2536	22	799	8.2	3	1.87	111.111	111.111	f	f	f	f	f	14
187	2536	22	798	8.2	3	0.12	111.111	111.111	f	f	f	f	f	37
188	2536	22	790	8.2	3	0.71	111.111	111.111	f	f	f	f	f	27
189	2536	22	798	8.2	3	1.08	111.111	111.111	f	f	f	f	f	63
190	2536	22	784	8.2	3	0.77	111.111	111.111	f	f	f	f	f	39
191	2536	22	827	8.2	3	0.27	111.111	111.111	f	f	f	f	f	27
192	2536	22	857	8.2	3	0.1	111.111	111.111	f	f	f	f	f	42
193	2536	22	811	8.2	3	0.88	111.111	111.111	f	f	f	f	f	66
194	2536	22	812	8.2	3	0.17	111.111	111.111	f	f	f	f	f	39
195	2536	22	834	8.2	3	0.48	111.111	111.111	f	f	f	f	f	41
196	2536	22	753	8.2	3	2.11	111.111	111.111	f	f	f	f	f	22
197	2536	21	719	8.2	3	0.9	111.111	111.111	f	f	f	f	f	2
198	2536	22	788	8.2	3	3.05	111.111	111.111	f	f	f	f	f	9
199	2536	22	863	8.2	3	0.85	111.111	111.111	f	f	f	f	f	16
200	2536	22	805	8.2	3	0.4	111.111	111.111	f	f	f	f	f	44
201	2536	22	873	8.2	3	0.42	111.111	111.111	f	f	f	f	f	13
202	2536	22	803	8.2	3	0.39	111.111	111.111	f	f	f	f	f	76
203	2536	22	841	8.2	3	1.16	111.111	111.111	f	f	f	f	f	85
204	2536	22	837	8.2	3	2.5	111.111	111.111	f	f	f	f	f	88
205	2536	22	768	8.2	3	0.84	111.111	111.111	f	f	f	f	f	50
206	2536	22	871	8.2	3	0.43	111.111	111.111	f	f	f	f	f	38
207	2536	22	874	8.2	3	0.53	111.111	111.111	f	f	f	f	f	41
208	2536	22	818	8.2	3	0.75	111.111	111.111	f	f	f	f	f	20
209	2382	22	964	8.2	3	0.95	111.111	111.111	f	f	f	f	f	18
210	2228	22	779	8.2	3	3.25	111.111	111.111	f	f	f	f	f	78
211	2536	22	724	8.2	3	0.46	111.111	111.111	f	f	f	f	f	6
212	2536	22	920	8.2	3	0.74	111.111	111.111	f	f	f	f	f	43
213	2536	22	1041	8.2	3	0.32	111.111	111.111	f	f	f	f	f	7
214	2201	22	802	8.2	3	1.81	111.111	111.111	f	f	f	f	f	38
215	2466	21	991	6.8	10	0.46	111.111	111.111	f	f	f	f	f	86
216	1922	25	289	7.4	8	6.23	111.111	111.111	f	f	f	f	f	18
217	1922	25	376	7.4	8	4.84	111.111	111.111	f	f	f	f	f	26
218	1965	23	573	6.8	10	0.39	111.111	111.111	f	f	f	f	f	35
219	1487	26	245	7.9	12	0.6	111.111	111.111	f	f	f	f	f	43
220	2466	21	987	7	12	0.21	111.111	111.111	f	f	f	f	f	47
221	1487	26	366	7.4	8	0.69	111.111	111.111	f	f	f	f	f	27
222	1357	23	357	7.3	12	1.71	111.111	111.111	f	f	f	f	f	45
223	1357	23	354	7.3	12	0.91	111.111	111.111	f	f	f	f	f	73
224	1357	22	349	7.3	12	0.36	111.111	111.111	f	f	f	f	f	62
225	1357	23	371	6.7	12	1.19	111.111	111.111	f	f	f	f	f	28
226	1357	22	355	7.3	12	0.85	111.111	111.111	f	f	f	f	f	82
227	1357	23	369	6.7	12	0.82	111.111	111.111	f	f	f	f	f	7
228	1371	24	400	6.7	12	0.28	111.111	111.111	f	f	f	f	f	56
229	1371	24	390	6.7	12	2.91	111.111	111.111	f	f	f	f	f	26
230	1371	24	391	6.7	12	2.52	111.111	111.111	f	f	f	f	f	10
231	1357	23	404	6.7	12	0.45	111.111	111.111	f	f	f	f	f	23
232	1357	23	364	6.7	12	0.61	111.111	111.111	f	f	f	f	f	73
233	1371	24	388	6.7	12	0.91	111.111	111.111	f	f	f	f	f	88
234	1402	24	347	6.8	12	1.08	111.111	111.111	f	f	f	f	f	77
235	1402	24	341	7.1	8	3.44	111.111	111.111	f	f	f	f	f	23
236	1402	24	344	6.7	12	6.56	111.111	111.111	f	f	f	f	f	26
237	1402	24	350	6.8	12	2.42	111.111	111.111	f	f	f	f	f	87
238	2466	21	1000	7	12	1.77	111.111	111.111	f	f	f	f	f	37
239	2466	23	498	6.8	10	1.7	111.111	111.111	f	f	f	f	f	76
240	1487	26	295	7.9	12	5.59	111.111	111.111	f	f	f	f	f	36
241	1371	24	398	6.7	12	0.04	111.111	111.111	f	f	f	f	f	62
242	1487	26	296	7.4	8	6.75	111.111	111.111	f	f	f	f	f	60
243	2466	21	1022	7	12	0.16	111.111	111.111	f	f	f	f	f	29
244	1357	23	372	6.7	12	4.34	111.111	111.111	f	f	f	f	f	60
245	1357	23	365	6.7	12	0.87	111.111	111.111	f	f	f	f	f	84
246	1371	24	403	6.7	12	1.94	111.111	111.111	f	f	f	f	f	84
247	1371	24	403	6.7	12	13.72	111.111	111.111	f	f	f	f	f	84
248	1433	25	354	6.8	12	4.25	111.111	111.111	f	f	f	f	f	38
249	1965	24	565	6.8	10	1.7	111.111	111.111	f	f	f	f	f	31
250	2466	21	1114	7	12	0.32	111.111	111.111	f	f	f	f	f	72
251	1487	26	323	7.4	8	13.23	111.111	111.111	f	f	f	f	f	10
252	1922	25	452	7.4	8	0.5	111.111	111.111	f	f	f	f	f	7
253	1922	25	434	7.4	8	0.4	111.111	111.111	f	f	f	f	f	26
254	1371	24	395	6.7	12	2.13	111.111	111.111	f	f	f	f	f	41
255	1371	24	402	6.7	12	0.54	111.111	111.111	f	f	f	f	f	26
256	1357	23	371	6.7	12	1.98	111.111	111.111	f	f	f	f	f	49
257	1433	23	351	6.8	12	1.77	111.111	111.111	f	f	f	f	f	38
258	1357	23	359	6.7	12	0.55	111.111	111.111	f	f	f	f	f	15
259	1385	24	431	6.7	12	0.84	111.111	111.111	f	f	f	f	f	60
260	1395	25	374	7.8	12	0.77	111.111	111.111	f	f	f	f	f	46
261	1357	22	350	7.3	12	1.21	111.111	111.111	f	f	f	f	f	27
262	1371	24	395	6.7	12	0.41	111.111	111.111	f	f	f	f	f	8
263	2466	20	1154	6	5	0.07	111.111	111.111	f	f	f	f	f	31
264	1357	23	353	7.3	12	0.8	111.111	111.111	f	f	f	f	f	37
265	1487	26	354	7.4	8	1.5	111.111	111.111	f	f	f	f	f	70
266	1371	24	409	6.7	12	0.13	111.111	111.111	f	f	f	f	f	39
267	2466	23	577	6.8	10	0.19	111.111	111.111	f	f	f	f	f	25
268	1385	24	399	6.7	12	0.26	111.111	111.111	f	f	f	f	f	5
269	1371	24	387	6.7	12	0.81	111.111	111.111	f	f	f	f	f	65
270	1357	23	408	6.7	12	0.38	111.111	111.111	f	f	f	f	f	55
271	1357	23	371	6.7	12	0.22	111.111	111.111	f	f	f	f	f	82
272	1922	25	325	7.9	12	14.92	111.111	111.111	f	f	f	f	f	26
273	1487	26	282	7.4	8	0.25	111.111	111.111	f	f	f	f	f	1
274	1357	23	364	6.7	12	1.03	111.111	111.111	f	f	f	f	f	77
275	1357	23	353	6.7	12	2.05	111.111	111.111	f	f	f	f	f	52
276	1487	26	329	7.4	8	11.74	111.111	111.111	f	f	f	f	f	58
277	1922	25	474	7.4	8	3.78	111.111	111.111	f	f	f	f	f	68
278	1922	24	465	7	12	0.11	111.111	111.111	f	f	f	f	f	76
279	1487	26	272	7.9	12	1.76	111.111	111.111	f	f	f	f	f	46
280	2466	21	1060	6.8	10	1	111.111	111.111	f	f	f	f	f	67
281	2466	23	622	6.8	10	0.67	111.111	111.111	f	f	f	f	f	60
282	1965	24	493	7.4	8	16.67	111.111	111.111	f	f	f	f	f	40
283	2466	21	1102	7	12	0.23	111.111	111.111	f	f	f	f	f	1
284	1371	24	387	6.7	12	1.76	111.111	111.111	f	f	f	f	f	49
285	1371	24	386	6.7	12	1.73	111.111	111.111	f	f	f	f	f	80
286	1433	24	356	6.7	12	1.51	111.111	111.111	f	f	f	f	f	65
287	1380	24	354	6.8	12	2.14	111.111	111.111	f	f	f	f	f	15
288	1487	26	262	7.4	8	13.51	111.111	111.111	f	f	f	f	f	48
289	1965	22	766	8.2	3	0.24	111.111	111.111	f	f	f	f	f	40
290	1965	22	743	8.2	3	1.76	111.111	111.111	f	f	f	f	f	77
291	1965	24	477	8.2	3	1	111.111	111.111	f	f	f	f	f	1
292	1965	24	465	8.2	3	1.89	111.111	111.111	f	f	f	f	f	52
293	1922	24	594	7.4	8	1.84	111.111	111.111	f	f	f	f	f	86
294	1922	24	569	7.4	8	3.09	111.111	111.111	f	f	f	f	f	71
295	1922	24	479	7.4	8	1.21	111.111	111.111	f	f	f	f	f	73
296	1922	24	472	7	12	0.18	111.111	111.111	f	f	f	f	f	68
297	1922	24	467	7	12	0.73	111.111	111.111	f	f	f	f	f	63
298	2466	23	835	6.8	10	0.82	111.111	111.111	f	f	f	f	f	78
299	1442	25	397	7.8	12	0.99	111.111	111.111	f	f	f	f	f	41
300	1385	23	465	7.8	12	3.88	111.111	111.111	f	f	f	f	f	40
301	1586	24	379	6.5	10	0.57	111.111	111.111	f	f	f	f	f	74
302	2034	25	322	8.2	3	0.42	111.111	111.111	f	f	f	f	f	11
303	1371	23	396	6.7	12	0.17	111.111	111.111	f	f	f	f	f	88
304	1385	24	441	7.8	12	0.3	111.111	111.111	f	f	f	f	f	78
305	1407	24	342	6.5	10	2.69	111.111	111.111	f	f	f	f	f	47
306	1402	24	349	6.8	12	0.73	111.111	111.111	f	f	f	f	f	1
307	1407	24	336	6.5	10	0.66	111.111	111.111	f	f	f	f	f	86
308	1492	25	39	7.2	12	0.59	111.111	111.111	f	f	f	f	f	33
309	1371	23	383	6.7	12	0.32	111.111	111.111	f	f	f	f	f	53
310	2034	25	298	8.2	3	0.24	111.111	111.111	f	f	f	f	f	28
311	1678	24	107	7.4	8	5.05	111.111	111.111	f	f	f	f	f	72
312	1591	25	81	5.9	3	0.74	111.111	111.111	f	f	f	f	f	0
313	1371	23	422	6.7	12	2.7	111.111	111.111	f	f	f	f	f	75
314	1402	24	343	6.8	12	1.1	111.111	111.111	f	f	f	f	f	89
315	1357	23	356	6.7	12	0.07	111.111	111.111	f	f	f	f	f	66
316	1489	24	194	7.9	12	0.46	111.111	111.111	f	f	f	f	f	42
317	1385	24	442	7.8	12	0.76	111.111	111.111	f	f	f	f	f	87
318	1371	23	391	6.7	12	0.52	111.111	111.111	f	f	f	f	f	89
319	1489	24	257	6.5	10	0.19	111.111	111.111	f	f	f	f	f	43
320	1586	24	441	6.5	10	1.04	111.111	111.111	f	f	f	f	f	0
321	1371	23	393	6.7	12	0.24	111.111	111.111	f	f	f	f	f	90
322	1371	23	397	6.7	12	2.1	111.111	111.111	f	f	f	f	f	9
323	1357	23	391	6.7	12	2.05	111.111	111.111	f	f	f	f	f	27
324	1380	25	367	7.8	12	3.34	111.111	111.111	f	f	f	f	f	61
325	1481	25	5	8.2	3	2.66	111.111	111.111	f	f	f	f	f	75
326	1371	24	415	6.7	12	1.56	111.111	111.111	f	f	f	f	f	73
327	2034	25	336	8.2	3	0.61	111.111	111.111	f	f	f	f	f	49
328	1380	25	372	7.8	12	20.85	111.111	111.111	f	f	f	f	f	88
329	1371	23	401	6.7	12	0.4	111.111	111.111	f	f	f	f	f	78
330	1371	23	395	6.7	12	1.05	111.111	111.111	f	f	f	f	f	13
331	1371	23	402	6.7	12	0.21	111.111	111.111	f	f	f	f	f	66
332	1371	23	398	6.7	12	0.19	111.111	111.111	f	f	f	f	f	60
333	1371	23	391	6.7	12	0.68	111.111	111.111	f	f	f	f	f	34
334	1371	23	384	6.7	12	0.45	111.111	111.111	f	f	f	f	f	21
335	1357	23	374	6.7	12	1.31	111.111	111.111	f	f	f	f	f	38
336	1385	24	445	7.8	12	0.38	111.111	111.111	f	f	f	f	f	62
337	1385	24	445	6.7	12	4.85	111.111	111.111	f	f	f	f	f	14
338	1385	24	446	7.8	12	0.6	111.111	111.111	f	f	f	f	f	4
339	1385	24	440	7.8	12	0.95	111.111	111.111	f	f	f	f	f	59
340	1385	24	449	7.8	12	4.73	111.111	111.111	f	f	f	f	f	48
341	1407	23	482	6.6	12	1.53	111.111	111.111	f	f	f	f	f	59
342	1407	23	476	6.6	12	0.38	111.111	111.111	f	f	f	f	f	25
343	1385	23	459	7.8	12	1.28	111.111	111.111	f	f	f	f	f	79
344	1407	23	461	6.6	12	0.06	111.111	111.111	f	f	f	f	f	16
345	1385	23	464	6.6	12	0.65	111.111	111.111	f	f	f	f	f	57
346	1407	23	476	7.8	12	1.79	111.111	111.111	f	f	f	f	f	54
347	1385	24	458	7.9	12	1.67	111.111	111.111	f	f	f	f	f	7
348	1407	23	467	7.9	12	1.67	111.111	111.111	f	f	f	f	f	15
349	1467	23	497	6.6	12	0.54	111.111	111.111	f	f	f	f	f	87
350	1467	23	499	6.6	12	0.26	111.111	111.111	f	f	f	f	f	21
351	1385	25	423	6.7	12	4.42	111.111	111.111	f	f	f	f	f	4
352	1385	23	441	7.8	12	2.55	111.111	111.111	f	f	f	f	f	44
353	1467	24	445	7.8	12	20.62	111.111	111.111	f	f	f	f	f	87
354	1385	23	450	7.8	12	10.1	111.111	111.111	f	f	f	f	f	54
355	1385	23	455	8.3	8	1.26	111.111	111.111	f	f	f	f	f	8
356	1385	23	461	6.6	12	0.65	111.111	111.111	f	f	f	f	f	32
357	1385	23	473	6.6	12	0.22	111.111	111.111	f	f	f	f	f	53
358	1385	23	459	7.8	12	0.91	111.111	111.111	f	f	f	f	f	72
359	1385	23	461	7.8	12	4.59	111.111	111.111	f	f	f	f	f	38
360	1385	23	468	7.8	12	0.76	111.111	111.111	f	f	f	f	f	71
361	1407	23	469	7.8	12	1.42	111.111	111.111	f	f	f	f	f	12
362	1407	23	473	7.8	12	4.33	111.111	111.111	f	f	f	f	f	20
363	1407	23	474	7.8	12	3.42	111.111	111.111	f	f	f	f	f	22
364	1407	23	473	7.8	12	6.44	111.111	111.111	f	f	f	f	f	78
365	1407	23	477	7.8	12	3.46	111.111	111.111	f	f	f	f	f	89
366	1407	23	472	7.8	12	3.95	111.111	111.111	f	f	f	f	f	13
367	1385	23	453	7.8	12	0.46	111.111	111.111	f	f	f	f	f	34
368	1385	23	447	7.8	12	0.15	111.111	111.111	f	f	f	f	f	60
369	1371	23	402	6.7	12	0.39	111.111	111.111	f	f	f	f	f	28
370	1385	24	452	7.8	12	0.66	111.111	111.111	f	f	f	f	f	60
371	1385	23	461	7.8	12	0.3	111.111	111.111	f	f	f	f	f	41
372	1584	23	342	6.8	12	1.12	111.111	111.111	f	f	f	f	f	25
373	1584	23	361	6.7	12	1.28	111.111	111.111	f	f	f	f	f	76
374	1407	23	469	6.6	12	0.45	111.111	111.111	f	f	f	f	f	13
375	1433	23	350	6.8	12	17.07	111.111	111.111	f	f	f	f	f	4
376	1357	23	354	6.7	12	0.66	111.111	111.111	f	f	f	f	f	33
377	1433	23	358	6.8	12	0.4	111.111	111.111	f	f	f	f	f	1
378	1433	23	350	6.8	12	0.59	111.111	111.111	f	f	f	f	f	3
379	1433	23	346	6.8	12	7.56	111.111	111.111	f	f	f	f	f	68
380	1357	23	353	7.3	12	13.47	111.111	111.111	f	f	f	f	f	88
381	1385	24	407	7.8	12	0.61	111.111	111.111	f	f	f	f	f	55
382	1385	24	408	7.8	12	0.76	111.111	111.111	f	f	f	f	f	34
383	1433	23	357	6.7	12	4.55	111.111	111.111	f	f	f	f	f	59
384	1442	25	392	7.8	12	6.21	111.111	111.111	f	f	f	f	f	43
385	1442	25	396	7.8	12	2.84	111.111	111.111	f	f	f	f	f	38
386	1385	24	411	7.8	12	0.64	111.111	111.111	f	f	f	f	f	41
387	1380	25	371	7.8	12	2.59	111.111	111.111	f	f	f	f	f	24
388	1584	23	342	6.8	12	2.78	111.111	111.111	f	f	f	f	f	39
389	1380	25	364	7.8	12	1.22	111.111	111.111	f	f	f	f	f	53
390	1385	23	456	7.8	12	0.42	111.111	111.111	f	f	f	f	f	85
391	1385	23	448	6.6	12	3.92	111.111	111.111	f	f	f	f	f	55
392	1371	23	398	6.7	12	0.06	111.111	111.111	f	f	f	f	f	50
393	1402	24	348	6.8	12	0.57	111.111	111.111	f	f	f	f	f	67
394	1371	23	410	6.7	12	0.91	111.111	111.111	f	f	f	f	f	17
395	1371	24	405	6.7	12	1.15	111.111	111.111	f	f	f	f	f	17
396	1402	24	349	6.8	12	0.45	111.111	111.111	f	f	f	f	f	58
397	1402	24	349	6.8	12	0.53	111.111	111.111	f	f	f	f	f	42
398	1402	24	349	6.7	12	0.45	111.111	111.111	f	f	f	f	f	44
399	1402	23	353	6.7	12	0.97	111.111	111.111	f	f	f	f	f	52
400	1402	24	343	6.8	12	0.31	111.111	111.111	f	f	f	f	f	78
401	1459	23	350	6.7	12	0.19	111.111	111.111	f	f	f	f	f	68
402	1493	22	342	6.8	12	0.57	111.111	111.111	f	f	f	f	f	13
403	1493	23	343	6.8	12	0.78	111.111	111.111	f	f	f	f	f	51
404	1371	23	387	6.7	12	0.2	111.111	111.111	f	f	f	f	f	67
405	1380	24	373	6.7	12	5.51	111.111	111.111	f	f	f	f	f	18
406	1371	23	394	6.7	12	0.4	111.111	111.111	f	f	f	f	f	86
407	1371	23	396	6.7	12	0.07	111.111	111.111	f	f	f	f	f	46
408	1385	23	446	7.8	12	0.63	111.111	111.111	f	f	f	f	f	37
409	1385	23	452	7.8	12	0.69	111.111	111.111	f	f	f	f	f	79
410	1407	23	473	6.6	12	0.85	111.111	111.111	f	f	f	f	f	0
411	1385	23	454	7.8	12	0.45	111.111	111.111	f	f	f	f	f	68
412	1385	23	454	6.6	12	1.05	111.111	111.111	f	f	f	f	f	83
413	1407	23	463	6.6	12	0.2	111.111	111.111	f	f	f	f	f	88
414	1385	24	444	7.8	12	0.75	111.111	111.111	f	f	f	f	f	52
415	1385	23	452	6.6	12	0.99	111.111	111.111	f	f	f	f	f	53
416	1407	23	463	6.6	12	0.2	111.111	111.111	f	f	f	f	f	71
417	1371	23	414	6.7	12	2.15	111.111	111.111	f	f	f	f	f	58
418	1584	23	352	6.7	12	1.93	111.111	111.111	f	f	f	f	f	37
419	1492	26	70	6.7	12	1.4	111.111	111.111	f	f	f	f	f	30
420	1433	23	350	6.8	12	2.97	111.111	111.111	f	f	f	f	f	60
421	1678	24	135	7.4	8	13.28	111.111	111.111	f	f	f	f	f	53
422	1385	24	417	6.7	12	0.85	111.111	111.111	f	f	f	f	f	80
423	1586	24	401	6.5	10	1.03	111.111	111.111	f	f	f	f	f	41
424	1357	23	355	6.7	12	2.95	111.111	111.111	f	f	f	f	f	38
425	1489	24	262	6	3	2.7	111.111	111.111	f	f	f	f	f	43
426	1380	25	365	7.8	12	2.61	111.111	111.111	f	f	f	f	f	55
427	1371	24	405	6.7	12	0.04	111.111	111.111	f	f	f	f	f	65
428	1371	23	380	6.7	12	0.35	111.111	111.111	f	f	f	f	f	88
429	1492	25	3	8.2	3	1.85	111.111	111.111	f	f	f	f	f	23
430	1402	23	369	6.7	12	1.14	111.111	111.111	f	f	f	f	f	35
431	1489	24	261	6	3	1.07	111.111	111.111	f	f	f	f	f	46
432	1573	25	52	7.2	12	0.93	111.111	111.111	f	f	f	f	f	23
433	1489	23	364	7.9	12	0.59	111.111	111.111	f	f	f	f	f	70
434	1467	25	25	6.8	4	0.66	111.111	111.111	f	f	f	f	f	8
435	2034	25	293	8.2	3	0.32	111.111	111.111	f	f	f	f	f	48
436	1678	25	80	7.4	8	0.29	111.111	111.111	f	f	f	f	f	53
437	1492	25	144	7.4	8	0.12	111.111	111.111	f	f	f	f	f	11
438	1433	23	351	6.8	12	8.55	111.111	111.111	f	f	f	f	f	71
439	1492	26	62	6.7	12	2.96	111.111	111.111	f	f	f	f	f	25
440	1433	23	363	6.7	12	5.55	111.111	111.111	f	f	f	f	f	55
441	1489	24	263	6	3	0.94	111.111	111.111	f	f	f	f	f	7
442	2034	25	312	8.2	3	1.01	111.111	111.111	f	f	f	f	f	55
443	1402	23	351	6.7	12	0.23	111.111	111.111	f	f	f	f	f	5
444	1489	24	194	7.9	12	0.1	111.111	111.111	f	f	f	f	f	86
445	1779	25	51	7.5	4	1.48	111.111	111.111	f	f	f	f	f	54
446	1489	23	378	7.9	12	0.24	111.111	111.111	f	f	f	f	f	69
447	1371	24	397	6.7	12	0.25	111.111	111.111	f	f	f	f	f	10
448	1489	24	357	7.9	12	1.33	111.111	111.111	f	f	f	f	f	4
449	1586	24	257	8.3	4	2.45	111.111	111.111	f	f	f	f	f	57
450	1371	23	393	6.7	12	0.34	111.111	111.111	f	f	f	f	f	2
451	1433	23	350	6.8	12	0.77	111.111	111.111	f	f	f	f	f	69
452	1493	22	345	6.8	12	0.74	111.111	111.111	f	f	f	f	f	86
453	1493	22	344	6.8	12	0.58	111.111	111.111	f	f	f	f	f	43
454	1402	24	349	6.8	12	2.28	111.111	111.111	f	f	f	f	f	72
455	1402	24	342	7.3	8	1.34	111.111	111.111	f	f	f	f	f	65
456	1402	24	343	7.3	12	1.02	111.111	111.111	f	f	f	f	f	2
457	1492	25	31	7.9	8	0.56	111.111	111.111	f	f	f	f	f	6
458	1371	23	392	6.7	12	0.74	111.111	111.111	f	f	f	f	f	87
459	1371	23	391	6.7	12	0.63	111.111	111.111	f	f	f	f	f	12
460	1385	24	451	7.8	12	4.94	111.111	111.111	f	f	f	f	f	14
461	1433	23	350	7.3	12	4.92	111.111	111.111	f	f	f	f	f	61
462	1922	25	359	7.4	8	2.42	111.111	111.111	f	f	f	f	f	69
463	1371	24	389	6.7	12	1.01	111.111	111.111	f	f	f	f	f	17
464	1371	24	386	6.7	12	2.52	111.111	111.111	f	f	f	f	f	88
465	1357	23	373	6.7	12	0.77	111.111	111.111	f	f	f	f	f	23
466	1479	24	408	6.7	12	7.47	111.111	111.111	f	f	f	f	f	34
467	1371	24	402	6.7	12	0.9	111.111	111.111	f	f	f	f	f	61
468	1922	25	339	7.4	8	10.94	111.111	111.111	f	f	f	f	f	37
469	1357	23	366	6.7	12	0.64	111.111	111.111	f	f	f	f	f	22
470	1380	24	369	7.8	12	2.06	111.111	111.111	f	f	f	f	f	55
471	1380	24	380	6.7	12	1.03	111.111	111.111	f	f	f	f	f	35
472	1119	25	184	6.1	4	0.19	111.111	111.111	f	f	f	f	f	33
473	1119	25	213	5.6	10	0.56	111.111	111.111	f	f	f	f	f	83
474	1608	23	514	5.6	10	1.68	111.111	111.111	f	f	f	f	f	82
475	1301	26	171	8.2	3	0.58	111.111	111.111	f	f	f	f	f	45
476	1608	23	682	5.6	10	3.31	111.111	111.111	f	f	f	f	f	18
477	1608	25	323	5.6	10	4.07	111.111	111.111	f	f	f	f	f	37
478	1608	24	448	5.6	10	2.28	111.111	111.111	f	f	f	f	f	42
479	2009	23	721	5.8	3	0.21	111.111	111.111	f	f	f	f	f	37
480	2009	23	686	5.8	3	0.19	111.111	111.111	f	f	f	f	f	31
481	2009	23	714	5.8	3	0.39	111.111	111.111	f	f	f	f	f	3
482	2009	23	654	5.8	3	0.23	111.111	111.111	f	f	f	f	f	82
483	1342	27	106	5.6	10	1.74	111.111	111.111	f	f	f	f	f	9
484	1342	27	73	5.6	10	0.42	111.111	111.111	f	f	f	f	f	9
485	2061	26	293	5.6	10	0.83	111.111	111.111	f	f	f	f	f	3
486	2094	23	508	6.8	10	8.13	111.111	111.111	f	f	f	f	f	37
487	1608	23	558	5.6	10	0.78	111.111	111.111	f	f	f	f	f	56
488	2094	23	525	6.8	10	2.39	111.111	111.111	f	f	f	f	f	33
489	2094	23	572	5.6	10	2.67	111.111	111.111	f	f	f	f	f	79
490	2009	24	412	8.2	3	1.04	111.111	111.111	f	f	f	f	f	32
491	2009	25	464	8.2	3	1.33	111.111	111.111	f	f	f	f	f	24
492	2009	24	399	8.2	3	4.86	111.111	111.111	f	f	f	f	f	51
493	2009	26	208	5.6	10	0.13	111.111	111.111	f	f	f	f	f	7
494	2009	26	200	5.6	10	0.66	111.111	111.111	f	f	f	f	f	52
495	1301	26	82	8.2	3	0.13	111.111	111.111	f	f	f	f	f	69
496	2009	25	480	8.2	3	0.58	111.111	111.111	f	f	f	f	f	0
497	2061	26	255	5.6	10	0.44	111.111	111.111	f	f	f	f	f	36
498	2061	26	268	5.6	10	0.5	111.111	111.111	f	f	f	f	f	7
499	2061	26	191	5.6	10	1.64	111.111	111.111	f	f	f	f	f	1
500	2061	26	314	5.6	10	5.15	111.111	111.111	f	f	f	f	f	52
501	1342	27	60	5.6	10	2.2	111.111	111.111	f	f	f	f	f	63
502	2061	25	597	5.8	3	0.76	111.111	111.111	f	f	f	f	f	70
503	2061	26	337	5.6	10	0.38	111.111	111.111	f	f	f	f	f	48
504	2094	23	530	6.8	10	1.45	111.111	111.111	f	f	f	f	f	78
505	1608	23	592	5.6	10	1.65	111.111	111.111	f	f	f	f	f	50
506	2094	23	573	5.6	10	2.16	111.111	111.111	f	f	f	f	f	20
507	2094	23	641	5.6	10	1.44	111.111	111.111	f	f	f	f	f	76
508	2094	23	626	7.5	4	1.9	111.111	111.111	f	f	f	f	f	56
509	2094	23	615	5.6	10	1.44	111.111	111.111	f	f	f	f	f	79
510	2094	23	551	6.8	10	0.31	111.111	111.111	f	f	f	f	f	49
511	1608	22	628	7.5	4	2.28	111.111	111.111	f	f	f	f	f	1
512	1608	23	629	7.5	4	4.66	111.111	111.111	f	f	f	f	f	47
513	1608	23	639	5.6	10	1.35	111.111	111.111	f	f	f	f	f	1
514	1608	23	661	5.6	10	1.41	111.111	111.111	f	f	f	f	f	85
515	1608	23	648	5.6	10	4.31	111.111	111.111	f	f	f	f	f	26
516	1608	22	626	6.8	4	0.85	111.111	111.111	f	f	f	f	f	54
517	1608	23	672	5.6	10	38.48	111.111	111.111	f	f	f	f	f	69
518	1608	22	627	6.8	4	1.48	111.111	111.111	f	f	f	f	f	44
519	1608	22	628	7.5	4	0.41	111.111	111.111	f	f	f	f	f	9
520	1608	22	619	7.5	4	1.18	111.111	111.111	f	f	f	f	f	67
521	1608	22	747	5.6	10	7	111.111	111.111	f	f	f	f	f	64
522	2094	23	642	6.8	10	1.22	111.111	111.111	f	f	f	f	f	81
523	1608	23	624	5.6	10	0.8	111.111	111.111	f	f	f	f	f	62
524	1608	23	631	5.6	10	0.31	111.111	111.111	f	f	f	f	f	85
525	1608	22	713	5.6	10	11.63	111.111	111.111	f	f	f	f	f	34
526	2094	23	609	7.5	4	0.8	111.111	111.111	f	f	f	f	f	57
527	2094	23	517	6.8	10	0.87	111.111	111.111	f	f	f	f	f	21
528	2094	23	523	6.8	10	2.05	111.111	111.111	f	f	f	f	f	48
529	1608	23	573	5.8	3	0.22	111.111	111.111	f	f	f	f	f	43
530	1608	23	450	5.8	3	0.27	111.111	111.111	f	f	f	f	f	11
531	1608	23	576	5.8	3	0.24	111.111	111.111	f	f	f	f	f	51
532	1608	23	568	5.8	3	0.39	111.111	111.111	f	f	f	f	f	38
533	1608	22	688	5.8	3	0.42	111.111	111.111	f	f	f	f	f	80
534	1608	22	690	5.6	10	3.13	111.111	111.111	f	f	f	f	f	77
535	1608	22	665	5.6	10	2.45	111.111	111.111	f	f	f	f	f	40
536	2094	23	559	5.6	10	2.54	111.111	111.111	f	f	f	f	f	86
537	1608	23	666	5.6	10	1.4	111.111	111.111	f	f	f	f	f	5
538	1608	23	663	5.6	10	1.3	111.111	111.111	f	f	f	f	f	15
539	1608	23	667	5.6	10	1.53	111.111	111.111	f	f	f	f	f	88
540	1608	23	630	7.5	4	0.76	111.111	111.111	f	f	f	f	f	75
541	1608	23	628	7.5	4	1.02	111.111	111.111	f	f	f	f	f	51
542	1608	22	616	7.5	4	1.15	111.111	111.111	f	f	f	f	f	75
543	1608	22	637	5.6	10	7.75	111.111	111.111	f	f	f	f	f	58
544	1608	22	655	7.5	4	1.14	111.111	111.111	f	f	f	f	f	68
545	2157	22	927	5.6	10	0.13	111.111	111.111	f	f	f	f	f	4
546	2040	22	774	5.8	3	0.67	111.111	111.111	f	f	f	f	f	80
547	2040	22	705	5.7	10	0.7	111.111	111.111	f	f	f	f	f	20
548	2040	22	694	5.6	10	1.18	111.111	111.111	f	f	f	f	f	59
549	2040	22	780	5.7	10	0.44	111.111	111.111	f	f	f	f	f	70
550	2040	22	796	5.8	3	0.32	111.111	111.111	f	f	f	f	f	17
551	2040	22	759	5.6	10	0.86	111.111	111.111	f	f	f	f	f	84
552	2040	22	806	5.8	3	1.09	111.111	111.111	f	f	f	f	f	6
553	2040	22	770	5.6	10	0.48	111.111	111.111	f	f	f	f	f	75
554	2040	22	752	5.7	10	1.26	111.111	111.111	f	f	f	f	f	36
555	2040	22	741	5.6	10	0.94	111.111	111.111	f	f	f	f	f	10
556	2040	22	679	5.7	10	0.56	111.111	111.111	f	f	f	f	f	48
557	2040	22	686	5.7	10	1.44	111.111	111.111	f	f	f	f	f	33
558	2040	22	806	5.6	10	0.88	111.111	111.111	f	f	f	f	f	73
559	2040	22	733	5.7	10	0.84	111.111	111.111	f	f	f	f	f	81
560	1690	23	695	5.7	10	0.18	111.111	111.111	f	f	f	f	f	42
561	1690	23	813	5.7	10	0.44	111.111	111.111	f	f	f	f	f	27
562	2040	22	698	5.7	10	0.13	111.111	111.111	f	f	f	f	f	53
563	2040	22	714	5.7	10	0.27	111.111	111.111	f	f	f	f	f	60
564	2040	22	710	5.6	10	0.17	111.111	111.111	f	f	f	f	f	69
565	2040	22	782	5.6	10	0.84	111.111	111.111	f	f	f	f	f	20
566	2040	22	732	5.6	10	0.22	111.111	111.111	f	f	f	f	f	28
567	2157	22	877	5.8	3	0.32	111.111	111.111	f	f	f	f	f	2
568	2157	22	920	5.6	10	0.7	111.111	111.111	f	f	f	f	f	36
569	2157	22	1000	5.6	10	0.07	111.111	111.111	f	f	f	f	f	23
570	2098	22	919	5.6	10	0.09	111.111	111.111	f	f	f	f	f	63
571	2040	22	894	5.6	10	0.89	111.111	111.111	f	f	f	f	f	76
572	2040	22	766	5.6	10	0.74	111.111	111.111	f	f	f	f	f	55
573	2157	22	1003	5.6	10	3.89	111.111	111.111	f	f	f	f	f	55
574	2157	22	854	5.8	3	0.17	111.111	111.111	f	f	f	f	f	88
575	2157	22	874	5.8	3	0.35	111.111	111.111	f	f	f	f	f	19
576	1690	23	784	5.6	10	0.59	111.111	111.111	f	f	f	f	f	25
577	2040	22	713	5.6	10	0.09	111.111	111.111	f	f	f	f	f	2
578	2157	22	828	5.8	3	0.82	111.111	111.111	f	f	f	f	f	36
579	2157	22	835	5.8	3	0.37	111.111	111.111	f	f	f	f	f	35
580	2040	22	779	5.6	10	0.36	111.111	111.111	f	f	f	f	f	59
581	2040	22	790	5.8	3	3.6	111.111	111.111	f	f	f	f	f	75
582	2157	22	837	5.8	3	0.5	111.111	111.111	f	f	f	f	f	83
583	2157	22	867	5.8	3	0.93	111.111	111.111	f	f	f	f	f	53
584	2157	22	815	5.8	3	1.46	111.111	111.111	f	f	f	f	f	73
585	2157	22	944	5.6	10	0.64	111.111	111.111	f	f	f	f	f	9
586	2040	22	767	5.7	10	1.27	111.111	111.111	f	f	f	f	f	83
587	1690	23	717	5.7	10	0.22	111.111	111.111	f	f	f	f	f	89
588	2157	22	774	5.8	3	0.13	111.111	111.111	f	f	f	f	f	22
589	2157	22	772	5.8	3	0.34	111.111	111.111	f	f	f	f	f	67
590	2061	22	731	5.8	3	2.47	111.111	111.111	f	f	f	f	f	75
591	2061	22	685	5.8	3	1.27	111.111	111.111	f	f	f	f	f	68
592	2061	25	281	6.8	10	0.46	111.111	111.111	f	f	f	f	f	60
593	2061	22	912	5.8	3	0.14	111.111	111.111	f	f	f	f	f	37
594	2061	22	911	5.8	3	0.96	111.111	111.111	f	f	f	f	f	31
595	2061	23	693	5.8	3	0.18	111.111	111.111	f	f	f	f	f	65
596	2623	22	746	5.8	3	2.9	111.111	111.111	f	f	f	f	f	65
597	2061	24	503	5.8	3	0.96	111.111	111.111	f	f	f	f	f	43
598	2061	23	728	5.8	3	3.34	111.111	111.111	f	f	f	f	f	19
599	2061	24	468	5.8	3	2.76	111.111	111.111	f	f	f	f	f	75
600	2157	22	1011	5.8	3	0.15	111.111	111.111	f	f	f	f	f	53
601	2157	21	1088	5.6	10	0.25	111.111	111.111	f	f	f	f	f	23
602	2157	21	1128	5.6	10	0.5	111.111	111.111	f	f	f	f	f	11
603	2157	21	1134	5.6	10	0.1	111.111	111.111	f	f	f	f	f	36
604	2157	21	1121	5.6	10	0.08	111.111	111.111	f	f	f	f	f	10
605	2157	22	810	5.8	3	0.71	111.111	111.111	f	f	f	f	f	59
606	2157	22	807	5.8	3	0.11	111.111	111.111	f	f	f	f	f	31
607	2157	22	986	5.8	3	0.28	111.111	111.111	f	f	f	f	f	53
608	2157	22	965	5.8	3	0.64	111.111	111.111	f	f	f	f	f	47
609	2157	21	1009	5.8	3	0.06	111.111	111.111	f	f	f	f	f	78
610	2157	22	983	5.8	3	0.29	111.111	111.111	f	f	f	f	f	48
611	2157	21	1069	5.8	3	0.12	111.111	111.111	f	f	f	f	f	76
612	2157	21	1016	5.8	3	0.3	111.111	111.111	f	f	f	f	f	13
613	2157	22	977	5.8	3	0.75	111.111	111.111	f	f	f	f	f	27
614	2157	21	1067	5.6	10	1.6	111.111	111.111	f	f	f	f	f	31
615	2157	21	1124	5.6	10	0.73	111.111	111.111	f	f	f	f	f	72
616	2157	21	1142	5.6	10	0.36	111.111	111.111	f	f	f	f	f	59
617	1626	24	529	5.6	10	0.61	111.111	111.111	f	f	f	f	f	26
618	1626	24	356	5.6	10	1.1	111.111	111.111	f	f	f	f	f	14
619	2157	21	1057	5.6	10	1.2	111.111	111.111	f	f	f	f	f	69
620	2157	21	1071	5.6	10	1.73	111.111	111.111	f	f	f	f	f	0
621	1626	24	429	5.6	10	0.76	111.111	111.111	f	f	f	f	f	65
622	1626	24	440	5.6	10	0.31	111.111	111.111	f	f	f	f	f	11
623	1626	24	373	5.6	10	2.28	111.111	111.111	f	f	f	f	f	2
624	1626	24	352	5.6	10	3.03	111.111	111.111	f	f	f	f	f	32
625	1626	24	412	5.6	10	2.8	111.111	111.111	f	f	f	f	f	4
626	1626	24	398	5.6	10	2.64	111.111	111.111	f	f	f	f	f	7
627	1626	24	386	5.6	10	1.55	111.111	111.111	f	f	f	f	f	15
628	1626	24	330	5.6	10	0.29	111.111	111.111	f	f	f	f	f	83
629	2157	23	688	5.7	10	1.5	111.111	111.111	f	f	f	f	f	53
630	1626	24	340	5.6	10	1.49	111.111	111.111	f	f	f	f	f	8
631	1626	24	529	5.6	10	0.39	111.111	111.111	f	f	f	f	f	71
632	1626	24	518	5.6	10	0.46	111.111	111.111	f	f	f	f	f	84
633	1626	24	569	5.6	10	0.31	111.111	111.111	f	f	f	f	f	56
634	1626	24	385	5.6	10	1.41	111.111	111.111	f	f	f	f	f	56
635	1626	23	649	5.6	10	0.82	111.111	111.111	f	f	f	f	f	66
636	1626	24	631	5.7	10	1.68	111.111	111.111	f	f	f	f	f	51
637	1626	24	495	5.6	10	9.56	111.111	111.111	f	f	f	f	f	18
638	1626	24	470	5.6	10	1.14	111.111	111.111	f	f	f	f	f	24
639	1638	27	24	7.1	5	0.76	111.111	111.111	f	f	f	f	f	66
640	2157	22	892	5.8	3	0.34	111.111	111.111	f	f	f	f	f	25
641	2040	22	917	5.6	10	0.65	111.111	111.111	f	f	f	f	f	67
642	2157	22	969	5.6	10	0.48	111.111	111.111	f	f	f	f	f	0
643	2040	22	733	5.7	10	0.14	111.111	111.111	f	f	f	f	f	7
644	2040	22	830	5.6	10	0.4	111.111	111.111	f	f	f	f	f	70
645	2040	22	816	5.6	10	0.97	111.111	111.111	f	f	f	f	f	84
646	2040	22	777	5.6	10	0.37	111.111	111.111	f	f	f	f	f	90
647	2040	22	748	5.6	10	0.8	111.111	111.111	f	f	f	f	f	34
648	2040	22	762	5.6	10	0.46	111.111	111.111	f	f	f	f	f	67
649	2040	22	744	5.6	10	0.34	111.111	111.111	f	f	f	f	f	41
650	2040	22	899	5.6	10	1.06	111.111	111.111	f	f	f	f	f	88
651	2157	21	951	5.6	10	0.54	111.111	111.111	f	f	f	f	f	46
652	2040	22	817	5.8	3	1.12	111.111	111.111	f	f	f	f	f	52
653	2061	22	912	5.8	3	0.14	111.111	111.111	f	f	f	f	f	18
654	2623	22	787	5.6	10	0.09	111.111	111.111	f	f	f	f	f	47
655	2061	23	680	5.8	3	0.28	111.111	111.111	f	f	f	f	f	20
656	2061	23	697	5.8	3	0.26	111.111	111.111	f	f	f	f	f	72
657	2061	23	614	5.8	3	1.05	111.111	111.111	f	f	f	f	f	20
658	2061	23	617	5.8	3	0.3	111.111	111.111	f	f	f	f	f	3
659	2061	23	680	5.8	3	0.31	111.111	111.111	f	f	f	f	f	43
660	2061	22	785	5.8	3	0.04	111.111	111.111	f	f	f	f	f	63
661	2061	23	507	5.8	3	0.77	111.111	111.111	f	f	f	f	f	53
662	2623	22	1018	5.8	3	0.99	111.111	111.111	f	f	f	f	f	25
663	2061	23	644	5.8	3	0.34	111.111	111.111	f	f	f	f	f	78
664	2061	22	963	5.8	3	0.22	111.111	111.111	f	f	f	f	f	78
665	2061	22	899	5.8	3	0.11	111.111	111.111	f	f	f	f	f	31
666	2061	23	708	5.8	3	2.86	111.111	111.111	f	f	f	f	f	69
667	2061	23	593	5.8	3	0.37	111.111	111.111	f	f	f	f	f	74
668	2061	25	524	5.8	3	0.9	111.111	111.111	f	f	f	f	f	15
669	2061	24	459	5.8	3	0.3	111.111	111.111	f	f	f	f	f	57
670	2061	24	482	5.8	3	0.76	111.111	111.111	f	f	f	f	f	63
671	2061	24	480	5.8	3	3.24	111.111	111.111	f	f	f	f	f	37
672	2157	21	1050	5.8	10	0.27	111.111	111.111	f	f	f	f	f	10
673	2157	22	966	5.8	3	0.25	111.111	111.111	f	f	f	f	f	66
674	2157	22	885	5.8	3	0.39	111.111	111.111	f	f	f	f	f	32
675	2157	21	1075	5.8	3	0.16	111.111	111.111	f	f	f	f	f	1
676	2157	23	679	5.7	10	1.2	111.111	111.111	f	f	f	f	f	33
677	2157	22	975	5.8	3	0.66	111.111	111.111	f	f	f	f	f	17
678	2157	21	1076	5.8	3	0.79	111.111	111.111	f	f	f	f	f	8
679	2157	21	1055	5.6	10	1.36	111.111	111.111	f	f	f	f	f	49
680	2157	21	1139	5.6	10	0.43	111.111	111.111	f	f	f	f	f	43
681	1638	27	30	7.1	5	1.27	111.111	111.111	f	f	f	f	f	70
682	1626	23	447	5.6	10	0.3	111.111	111.111	f	f	f	f	f	72
683	1626	23	510	5.6	10	0.42	111.111	111.111	f	f	f	f	f	31
684	1626	23	372	5.6	10	0.51	111.111	111.111	f	f	f	f	f	0
685	1626	24	426	5.6	10	0.35	111.111	111.111	f	f	f	f	f	49
686	2157	23	750	5.7	10	0.21	111.111	111.111	f	f	f	f	f	54
687	2157	23	665	5.7	10	1.27	111.111	111.111	f	f	f	f	f	73
688	1626	24	256	5.6	10	3.18	111.111	111.111	f	f	f	f	f	38
689	1626	24	343	5.6	10	1.04	111.111	111.111	f	f	f	f	f	56
690	2157	21	1014	5.6	10	0.46	111.111	111.111	f	f	f	f	f	69
691	2157	22	857	5.8	3	4.45	111.111	111.111	f	f	f	f	f	45
692	2157	22	966	5.8	3	0.36	111.111	111.111	f	f	f	f	f	57
693	2157	21	1128	5.6	10	0.4	111.111	111.111	f	f	f	f	f	84
694	2157	21	1145	5.6	10	0.3	111.111	111.111	f	f	f	f	f	45
695	2157	21	1140	5.6	10	0.24	111.111	111.111	f	f	f	f	f	6
696	1626	23	656	5.7	10	0.25	111.111	111.111	f	f	f	f	f	50
697	1638	27	37	7	3	0.44	111.111	111.111	f	f	f	f	f	57
698	1638	27	28	7	3	1.06	111.111	111.111	f	f	f	f	f	40
699	1638	26	134	7	3	0.28	111.111	111.111	f	f	f	f	f	38
700	1801	26	211	5.6	10	0.44	111.111	111.111	f	f	f	f	f	10
701	1801	26	208	5.6	10	0.91	111.111	111.111	f	f	f	f	f	34
702	1801	25	198	5.6	10	1.99	111.111	111.111	f	f	f	f	f	44
703	1638	27	65	7	3	3.01	111.111	111.111	f	f	f	f	f	19
704	1638	27	47	7	3	0.96	111.111	111.111	f	f	f	f	f	79
705	1638	27	36	7	3	0.68	111.111	111.111	f	f	f	f	f	41
706	1638	27	54	7	3	0.92	111.111	111.111	f	f	f	f	f	17
707	1638	27	32	7	3	0.84	111.111	111.111	f	f	f	f	f	26
708	2040	22	865	5.6	10	0.45	111.111	111.111	f	f	f	f	f	40
709	2040	22	821	5.6	10	1.32	111.111	111.111	f	f	f	f	f	43
710	1658	23	652	5.7	10	0.08	111.111	111.111	f	f	f	f	f	74
711	1690	23	605	5.7	10	0.72	111.111	111.111	f	f	f	f	f	21
712	1626	24	612	5.6	10	0.96	111.111	111.111	f	f	f	f	f	71
713	1626	23	623	5.6	10	0.57	111.111	111.111	f	f	f	f	f	25
714	1626	24	575	5.6	10	0.18	111.111	111.111	f	f	f	f	f	18
715	1626	24	438	5.7	10	6.93	111.111	111.111	f	f	f	f	f	33
716	1626	24	306	5.6	10	0.38	111.111	111.111	f	f	f	f	f	8
717	2157	22	861	5.8	3	1.99	111.111	111.111	f	f	f	f	f	17
718	1638	27	88	7	3	0.52	111.111	111.111	f	f	f	f	f	45
719	1638	27	86	7	3	1.1	111.111	111.111	f	f	f	f	f	74
720	1638	26	134	7	3	1.61	111.111	111.111	f	f	f	f	f	26
721	1638	26	139	7	3	1.83	111.111	111.111	f	f	f	f	f	49
722	1638	26	120	7	3	1.82	111.111	111.111	f	f	f	f	f	7
723	1638	27	51	7	3	0.46	111.111	111.111	f	f	f	f	f	39
724	1638	27	52	7	3	1.25	111.111	111.111	f	f	f	f	f	87
725	1638	27	101	7	3	1.15	111.111	111.111	f	f	f	f	f	55
726	1801	26	164	7	3	2.5	111.111	111.111	f	f	f	f	f	80
727	1638	27	32	7	3	0.77	111.111	111.111	f	f	f	f	f	70
728	1638	27	25	7.1	5	1.88	111.111	111.111	f	f	f	f	f	37
729	1638	27	51	7	3	1.73	111.111	111.111	f	f	f	f	f	85
730	1801	27	95	7	3	2.26	111.111	111.111	f	f	f	f	f	89
731	1801	27	146	6.1	4	6.22	111.111	111.111	f	f	f	f	f	43
732	1638	27	76	7	3	0.85	111.111	111.111	f	f	f	f	f	22
733	1638	27	77	6.1	4	3.72	111.111	111.111	f	f	f	f	f	47
734	1638	27	44	7	3	0.79	111.111	111.111	f	f	f	f	f	35
735	1638	27	41	7	3	0.37	111.111	111.111	f	f	f	f	f	79
736	1801	27	90	7	3	1.22	111.111	111.111	f	f	f	f	f	90
737	1801	27	83	7	3	1.35	111.111	111.111	f	f	f	f	f	9
738	2040	22	782	5.8	3	0.45	111.111	111.111	f	f	f	f	f	10
739	1626	23	692	5.7	10	0.38	111.111	111.111	f	f	f	f	f	65
740	1626	23	668	5.7	10	0.34	111.111	111.111	f	f	f	f	f	14
741	2157	22	740	5.8	3	0.91	111.111	111.111	f	f	f	f	f	85
742	2040	22	663	5.7	10	0.11	111.111	111.111	f	f	f	f	f	85
743	2157	22	810	5.8	3	0.19	111.111	111.111	f	f	f	f	f	60
744	2157	21	881	5.6	10	1.72	111.111	111.111	f	f	f	f	f	70
745	2157	21	948	5.6	10	0.23	111.111	111.111	f	f	f	f	f	88
746	1638	27	29	7	3	0.42	111.111	111.111	f	f	f	f	f	69
747	1638	27	28	7	3	0.55	111.111	111.111	f	f	f	f	f	39
748	1638	27	30	7	3	0.55	111.111	111.111	f	f	f	f	f	51
749	1638	27	20	7.1	5	0.48	111.111	111.111	f	f	f	f	f	28
750	1638	27	26	7	3	0.37	111.111	111.111	f	f	f	f	f	10
751	1638	27	27	7	3	0.49	111.111	111.111	f	f	f	f	f	67
752	2157	22	684	5.8	3	4.96	111.111	111.111	f	f	f	f	f	49
753	2157	22	974	5.8	3	1.79	111.111	111.111	f	f	f	f	f	26
754	2157	21	1068	5.6	10	1.93	111.111	111.111	f	f	f	f	f	58
755	1638	27	52	7	3	2.07	111.111	111.111	f	f	f	f	f	74
756	1638	27	93	6.1	4	1.27	111.111	111.111	f	f	f	f	f	41
757	1801	27	129	7	3	2.16	111.111	111.111	f	f	f	f	f	65
758	1801	27	135	6.1	4	2.78	111.111	111.111	f	f	f	f	f	31
759	1801	27	99	7	3	2.53	111.111	111.111	f	f	f	f	f	59
760	1638	27	44	7	3	1.22	111.111	111.111	f	f	f	f	f	69
761	2009	22	833	8.2	3	2.05	111.111	111.111	f	f	f	f	f	79
762	2009	23	619	8.2	3	1.09	111.111	111.111	f	f	f	f	f	16
763	2009	23	692	8.2	3	1.5	111.111	111.111	f	f	f	f	f	61
764	2009	23	728	8.2	3	0.51	111.111	111.111	f	f	f	f	f	50
765	2009	21	1127	5.8	3	0.25	111.111	111.111	f	f	f	f	f	44
766	2009	21	1174	5.8	3	0.34	111.111	111.111	f	f	f	f	f	18
767	2009	21	1205	5.8	3	1.49	111.111	111.111	f	f	f	f	f	75
768	2009	20	1200	5.8	3	0.38	111.111	111.111	f	f	f	f	f	82
769	2009	21	931	5.8	3	1.37	111.111	111.111	f	f	f	f	f	54
770	2009	21	1083	5.8	3	0.74	111.111	111.111	f	f	f	f	f	55
771	2009	22	894	5.8	3	0.44	111.111	111.111	f	f	f	f	f	4
772	2009	22	753	8.2	3	0.81	111.111	111.111	f	f	f	f	f	82
773	2009	22	685	8.2	3	0.53	111.111	111.111	f	f	f	f	f	7
774	2009	22	689	8.2	3	0.1	111.111	111.111	f	f	f	f	f	12
775	2009	22	808	5.8	3	0.39	111.111	111.111	f	f	f	f	f	63
776	2009	23	773	5.8	3	1.03	111.111	111.111	f	f	f	f	f	19
777	2009	22	784	5.8	3	0.42	111.111	111.111	f	f	f	f	f	39
778	2009	22	747	5.8	3	0.29	111.111	111.111	f	f	f	f	f	53
779	2009	22	780	5.8	3	0.37	111.111	111.111	f	f	f	f	f	30
780	2009	22	852	5.8	3	0.89	111.111	111.111	f	f	f	f	f	67
781	2009	23	752	5.8	3	1.3	111.111	111.111	f	f	f	f	f	64
782	2009	23	629	8.2	3	2.39	111.111	111.111	f	f	f	f	f	55
783	2009	23	538	8.2	3	0.44	111.111	111.111	f	f	f	f	f	10
784	2009	23	460	8.2	3	0.94	111.111	111.111	f	f	f	f	f	39
785	2009	23	504	8.2	3	0.7	111.111	111.111	f	f	f	f	f	23
786	2009	21	1003	5.8	3	1.31	111.111	111.111	f	f	f	f	f	43
787	2009	21	1020	5.8	3	0.63	111.111	111.111	f	f	f	f	f	69
788	2009	21	1020	5.8	3	0.09	111.111	111.111	f	f	f	f	f	21
789	2009	22	1007	5.8	3	0.69	111.111	111.111	f	f	f	f	f	54
790	2009	22	927	8.2	3	0.8	111.111	111.111	f	f	f	f	f	66
791	2009	22	931	8.2	3	2.03	111.111	111.111	f	f	f	f	f	77
792	2009	22	966	5.8	3	0.42	111.111	111.111	f	f	f	f	f	21
793	2009	21	1079	5.8	3	0.27	111.111	111.111	f	f	f	f	f	86
794	2009	21	1074	5.8	3	0.41	111.111	111.111	f	f	f	f	f	11
795	2009	21	1043	5.8	3	0.31	111.111	111.111	f	f	f	f	f	66
796	2009	21	989	5.8	3	1.6	111.111	111.111	f	f	f	f	f	36
797	2009	21	1118	5.8	3	1.52	111.111	111.111	f	f	f	f	f	59
798	2009	22	1075	5.8	3	3.47	111.111	111.111	f	f	f	f	f	0
799	2009	21	1176	5.8	3	2.34	111.111	111.111	f	f	f	f	f	43
800	2009	21	1139	5.8	3	18.38	111.111	111.111	f	f	f	f	f	68
801	2009	22	912	8.2	3	0.48	111.111	111.111	f	f	f	f	f	88
802	2009	22	965	5.8	3	1.04	111.111	111.111	f	f	f	f	f	43
803	2009	22	803	5.8	3	0.41	111.111	111.111	f	f	f	f	f	7
804	1579	23	696	7.9	12	1.71	111.111	111.111	f	f	f	f	f	28
805	1560	24	715	6.7	12	1.62	111.111	111.111	f	f	f	f	f	86
806	1579	24	746	6.7	12	4.39	111.111	111.111	f	f	f	f	f	12
807	1415	25	567	6.7	12	0.28	111.111	111.111	f	f	f	f	f	8
808	1872	22	748	7	12	0.89	111.111	111.111	f	f	f	f	f	33
809	1872	23	760	7	12	8.44	111.111	111.111	f	f	f	f	f	39
810	1872	23	653	5.9	3	3.4	111.111	111.111	f	f	f	f	f	90
811	1433	24	630	6.7	12	2.44	111.111	111.111	f	f	f	f	f	76
812	1415	24	544	6.7	12	0.16	111.111	111.111	f	f	f	f	f	17
813	1309	25	414	7.9	12	1.07	111.111	111.111	f	f	f	f	f	6
814	1706	23	842	6.2	12	0.81	111.111	111.111	f	f	f	f	f	41
815	1716	23	836	6.2	12	1.09	111.111	111.111	f	f	f	f	f	27
816	1433	24	606	6.7	12	2.61	111.111	111.111	f	f	f	f	f	40
817	1415	25	491	6.7	12	10.24	111.111	111.111	f	f	f	f	f	70
818	1415	25	460	6.7	12	2.5	111.111	111.111	f	f	f	f	f	61
819	1433	24	588	6.7	12	0.42	111.111	111.111	f	f	f	f	f	13
820	1415	26	489	6.7	12	0.83	111.111	111.111	f	f	f	f	f	62
821	1579	23	601	7.9	12	0.41	111.111	111.111	f	f	f	f	f	3
822	1579	23	644	7.9	12	1.25	111.111	111.111	f	f	f	f	f	4
823	1560	24	663	6.7	12	19.56	111.111	111.111	f	f	f	f	f	62
824	1433	24	654	6.7	12	20.25	111.111	111.111	f	f	f	f	f	63
825	1560	24	664	6.7	12	24.99	111.111	111.111	f	f	f	f	f	60
826	1560	24	675	6.7	12	1.46	111.111	111.111	f	f	f	f	f	12
827	1560	24	673	6.7	12	3.94	111.111	111.111	f	f	f	f	f	82
828	1560	24	672	6.7	12	3.1	111.111	111.111	f	f	f	f	f	51
829	1560	24	678	6.7	12	2.76	111.111	111.111	f	f	f	f	f	23
830	1871	23	702	7	12	1.38	111.111	111.111	f	f	f	f	f	49
831	1872	22	675	7	12	1.07	111.111	111.111	f	f	f	f	f	28
832	1872	22	656	7	12	0.68	111.111	111.111	f	f	f	f	f	33
833	1872	22	677	7	12	1.21	111.111	111.111	f	f	f	f	f	67
834	1872	22	726	7	12	1.55	111.111	111.111	f	f	f	f	f	80
835	1872	22	746	5.9	3	1.23	111.111	111.111	f	f	f	f	f	23
836	1872	22	749	5.9	3	3.5	111.111	111.111	f	f	f	f	f	14
837	1872	22	700	7	12	1.68	111.111	111.111	f	f	f	f	f	31
838	1872	22	711	5.9	3	2.88	111.111	111.111	f	f	f	f	f	52
839	1560	24	682	6.7	12	3.47	111.111	111.111	f	f	f	f	f	15
840	1560	24	677	6.7	12	5.65	111.111	111.111	f	f	f	f	f	12
841	1560	24	663	6.7	12	3.08	111.111	111.111	f	f	f	f	f	15
842	1433	24	666	6.7	12	2.77	111.111	111.111	f	f	f	f	f	78
843	1871	22	720	7.9	12	0.84	111.111	111.111	f	f	f	f	f	39
844	1725	23	741	7	12	0.74	111.111	111.111	f	f	f	f	f	40
845	1872	22	718	7	12	0.83	111.111	111.111	f	f	f	f	f	20
846	1706	23	821	6.2	12	1.13	111.111	111.111	f	f	f	f	f	25
847	1725	23	790	7	12	1.95	111.111	111.111	f	f	f	f	f	53
848	1872	22	720	5.9	10	1.87	111.111	111.111	f	f	f	f	f	66
849	1872	22	659	7	12	1.16	111.111	111.111	f	f	f	f	f	11
850	1737	23	659	5.9	10	1.75	111.111	111.111	f	f	f	f	f	13
851	1579	23	742	7.9	12	0.44	111.111	111.111	f	f	f	f	f	56
852	1560	24	689	6.7	12	3.84	111.111	111.111	f	f	f	f	f	15
853	1706	23	774	6.2	8	0.04	111.111	111.111	f	f	f	f	f	30
854	1706	23	893	6.2	12	2.79	111.111	111.111	f	f	f	f	f	3
855	1491	24	394	7.4	8	5.03	111.111	111.111	f	f	f	f	f	26
856	1491	24	379	7.4	8	3.39	111.111	111.111	f	f	f	f	f	27
857	1491	24	502	6.9	3	1.31	111.111	111.111	f	f	f	f	f	18
858	1491	25	421	7.4	8	2.69	111.111	111.111	f	f	f	f	f	50
859	1706	23	833	6.2	8	0.76	111.111	111.111	f	f	f	f	f	43
860	1706	23	844	6.2	12	0.6	111.111	111.111	f	f	f	f	f	40
861	1725	23	807	5.9	3	0.46	111.111	111.111	f	f	f	f	f	8
862	1433	24	646	6.7	12	4.59	111.111	111.111	f	f	f	f	f	74
863	1433	24	647	6.7	12	2.52	111.111	111.111	f	f	f	f	f	45
864	1433	24	643	6.7	12	2.07	111.111	111.111	f	f	f	f	f	72
865	1491	24	466	7.4	8	2.68	111.111	111.111	f	f	f	f	f	49
866	1433	24	655	6.7	12	6.17	111.111	111.111	f	f	f	f	f	88
867	1854	22	661	6.2	12	0.24	111.111	111.111	f	f	f	f	f	48
868	1854	22	689	6.2	12	0.11	111.111	111.111	f	f	f	f	f	69
869	1560	24	674	6.7	12	12.57	111.111	111.111	f	f	f	f	f	8
870	1560	24	696	6.7	12	5.13	111.111	111.111	f	f	f	f	f	12
871	1560	24	695	6.7	12	8.03	111.111	111.111	f	f	f	f	f	44
872	1560	24	646	6.7	12	0.57	111.111	111.111	f	f	f	f	f	4
873	1560	24	674	6.7	12	11.05	111.111	111.111	f	f	f	f	f	42
874	1560	24	669	6.7	12	1.66	111.111	111.111	f	f	f	f	f	10
875	1560	24	690	6.7	12	4.99	111.111	111.111	f	f	f	f	f	34
876	1560	24	696	6.7	12	3.22	111.111	111.111	f	f	f	f	f	10
877	1560	24	685	6.7	12	4.95	111.111	111.111	f	f	f	f	f	67
878	1479	24	546	7.9	12	1.64	111.111	111.111	f	f	f	f	f	33
879	1491	24	487	6.9	3	0.42	111.111	111.111	f	f	f	f	f	4
880	1491	24	477	6.9	3	2.2	111.111	111.111	f	f	f	f	f	72
881	1491	24	467	6.9	3	1.66	111.111	111.111	f	f	f	f	f	41
882	1579	24	507	7.4	8	0.34	111.111	111.111	f	f	f	f	f	57
883	1491	24	485	6.9	3	1.85	111.111	111.111	f	f	f	f	f	44
884	1854	22	684	6.2	12	0.4	111.111	111.111	f	f	f	f	f	33
885	1433	24	621	6.7	12	1.42	111.111	111.111	f	f	f	f	f	60
886	1560	24	683	6.7	12	3.59	111.111	111.111	f	f	f	f	f	81
887	1560	24	685	6.7	12	2.5	111.111	111.111	f	f	f	f	f	30
888	1560	24	689	6.7	12	1.47	111.111	111.111	f	f	f	f	f	13
889	1872	23	714	5.9	3	13.78	111.111	111.111	f	f	f	f	f	48
890	1579	23	753	6.7	12	1.99	111.111	111.111	f	f	f	f	f	47
891	1579	23	686	7.9	4	1.09	111.111	111.111	f	f	f	f	f	73
892	1579	23	744	6.7	12	0.29	111.111	111.111	f	f	f	f	f	74
893	1579	23	728	7.9	12	0.82	111.111	111.111	f	f	f	f	f	25
894	1579	23	747	6.7	12	0.8	111.111	111.111	f	f	f	f	f	82
895	1872	22	602	7	12	2.11	111.111	111.111	f	f	f	f	f	61
896	1854	22	664	6.2	12	0.28	111.111	111.111	f	f	f	f	f	45
897	1433	24	644	6.7	12	5.02	111.111	111.111	f	f	f	f	f	73
898	1560	24	668	6.7	12	1.27	111.111	111.111	f	f	f	f	f	56
899	1560	24	680	6.7	12	2.25	111.111	111.111	f	f	f	f	f	50
900	1415	24	496	6.7	12	0.49	111.111	111.111	f	f	f	f	f	1
901	1433	24	631	6.7	12	1.37	111.111	111.111	f	f	f	f	f	66
902	1433	24	637	6.7	12	0.26	111.111	111.111	f	f	f	f	f	69
903	1433	24	618	7.9	12	0.3	111.111	111.111	f	f	f	f	f	8
904	1209	26	420	6.7	12	2.75	111.111	111.111	f	f	f	f	f	28
905	1433	25	616	6.7	12	8.33	111.111	111.111	f	f	f	f	f	8
906	1415	26	481	6.7	12	1.51	111.111	111.111	f	f	f	f	f	2
907	1433	24	644	6.7	12	1.34	111.111	111.111	f	f	f	f	f	15
908	1479	23	632	7.9	12	0.73	111.111	111.111	f	f	f	f	f	13
909	1479	23	625	7.9	12	0.63	111.111	111.111	f	f	f	f	f	56
910	1415	26	482	6.7	12	0.59	111.111	111.111	f	f	f	f	f	63
911	1415	24	527	6.7	12	0.41	111.111	111.111	f	f	f	f	f	25
912	1433	25	571	6.7	12	0.44	111.111	111.111	f	f	f	f	f	5
913	1415	24	542	6.7	12	0.87	111.111	111.111	f	f	f	f	f	11
914	1415	25	562	6.7	12	1.01	111.111	111.111	f	f	f	f	f	1
915	1415	25	513	6.7	12	1.84	111.111	111.111	f	f	f	f	f	29
916	1415	24	562	6.7	12	0.27	111.111	111.111	f	f	f	f	f	22
917	1415	25	464	6.7	12	0.44	111.111	111.111	f	f	f	f	f	12
918	1415	25	463	6.7	12	0.52	111.111	111.111	f	f	f	f	f	55
919	1433	24	640	6.7	12	2.53	111.111	111.111	f	f	f	f	f	81
920	1309	25	296	6.7	12	0.9	111.111	111.111	f	f	f	f	f	72
921	1479	24	681	6.7	12	0.48	111.111	111.111	f	f	f	f	f	13
922	1309	25	291	6.7	12	0.97	111.111	111.111	f	f	f	f	f	50
923	1579	23	692	7.9	12	0.71	111.111	111.111	f	f	f	f	f	10
924	1579	23	734	6.7	12	2.42	111.111	111.111	f	f	f	f	f	89
925	1309	25	441	7.9	12	0.78	111.111	111.111	f	f	f	f	f	52
926	1479	23	616	7.9	12	0.66	111.111	111.111	f	f	f	f	f	42
927	1479	23	652	7.9	12	2.71	111.111	111.111	f	f	f	f	f	10
928	1209	26	421	6.7	12	1.99	111.111	111.111	f	f	f	f	f	40
929	1415	25	541	6.7	12	2.27	111.111	111.111	f	f	f	f	f	63
930	1433	24	623	6.7	12	3.05	111.111	111.111	f	f	f	f	f	29
931	1415	26	428	6.7	12	0.59	111.111	111.111	f	f	f	f	f	44
932	1415	26	432	6.7	12	0.98	111.111	111.111	f	f	f	f	f	82
933	1209	26	426	6.7	12	15.97	111.111	111.111	f	f	f	f	f	11
934	1424	25	568	6.7	12	0.53	111.111	111.111	f	f	f	f	f	22
935	1415	26	508	6.7	12	0.68	111.111	111.111	f	f	f	f	f	80
936	1579	23	657	7.9	12	0.57	111.111	111.111	f	f	f	f	f	21
937	1309	25	434	7.9	12	0.44	111.111	111.111	f	f	f	f	f	77
938	1415	26	430	6.7	12	2.01	111.111	111.111	f	f	f	f	f	41
939	1415	26	355	6.7	12	1.28	111.111	111.111	f	f	f	f	f	29
940	1209	26	431	6.7	12	0.69	111.111	111.111	f	f	f	f	f	32
941	1706	23	869	6.2	12	0.73	111.111	111.111	f	f	f	f	f	72
942	1725	23	831	7	12	0.27	111.111	111.111	f	f	f	f	f	88
943	1871	23	651	7	12	0.43	111.111	111.111	f	f	f	f	f	55
944	1725	23	830	6.2	12	1.64	111.111	111.111	f	f	f	f	f	77
945	1579	23	751	6.7	12	0.67	111.111	111.111	f	f	f	f	f	56
946	1725	23	827	7	12	0.08	111.111	111.111	f	f	f	f	f	8
947	1479	23	596	7.9	12	0.68	111.111	111.111	f	f	f	f	f	69
948	1433	24	650	6.7	12	0.24	111.111	111.111	f	f	f	f	f	43
949	1433	24	634	6.7	12	0.29	111.111	111.111	f	f	f	f	f	90
950	1725	23	798	7	12	0.88	111.111	111.111	f	f	f	f	f	50
951	1415	24	550	6.7	12	0.43	111.111	111.111	f	f	f	f	f	54
952	1725	23	782	7	12	3	111.111	111.111	f	f	f	f	f	71
953	1571	25	313	7.4	8	1.41	111.111	111.111	f	f	f	f	f	57
954	1579	23	708	7.9	12	1.68	111.111	111.111	f	f	f	f	f	45
955	1491	24	435	7.4	8	0.97	111.111	111.111	f	f	f	f	f	78
956	1579	23	594	7.4	8	2.56	111.111	111.111	f	f	f	f	f	40
957	1579	23	655	7.9	12	0.96	111.111	111.111	f	f	f	f	f	65
958	1579	23	660	7.9	12	0.72	111.111	111.111	f	f	f	f	f	0
959	1579	23	646	7.9	12	1.01	111.111	111.111	f	f	f	f	f	28
960	1579	23	751	6.7	12	1.31	111.111	111.111	f	f	f	f	f	45
961	1579	23	591	7.9	12	0.89	111.111	111.111	f	f	f	f	f	13
962	1579	23	619	7.9	12	2.6	111.111	111.111	f	f	f	f	f	65
963	1579	23	635	7.9	12	1.94	111.111	111.111	f	f	f	f	f	16
964	1579	24	551	8.2	4	2.5	111.111	111.111	f	f	f	f	f	79
965	1579	23	751	6.7	12	0.43	111.111	111.111	f	f	f	f	f	4
966	1579	23	749	7.9	12	9.44	111.111	111.111	f	f	f	f	f	20
967	1579	23	657	7.9	12	0.67	111.111	111.111	f	f	f	f	f	33
968	1579	23	629	7.9	12	3.39	111.111	111.111	f	f	f	f	f	19
969	1579	23	599	7.9	12	1.33	111.111	111.111	f	f	f	f	f	88
970	1579	23	698	7.9	12	1.17	111.111	111.111	f	f	f	f	f	17
971	1579	23	753	6.7	12	1.69	111.111	111.111	f	f	f	f	f	88
972	1854	22	828	7	12	1.65	111.111	111.111	f	f	f	f	f	53
973	1854	21	875	6.2	12	2.73	111.111	111.111	f	f	f	f	f	7
974	1872	22	802	7	12	1.08	111.111	111.111	f	f	f	f	f	11
975	1706	23	566	7.4	8	2.45	111.111	111.111	f	f	f	f	f	51
976	1854	24	448	6	5	3.45	111.111	111.111	f	f	f	f	f	61
977	1579	23	637	7.9	12	1.2	111.111	111.111	f	f	f	f	f	29
978	1725	23	815	5.9	3	0.87	111.111	111.111	f	f	f	f	f	56
979	1706	23	830	6.2	12	0.42	111.111	111.111	f	f	f	f	f	57
980	1725	23	744	7.4	8	0.25	111.111	111.111	f	f	f	f	f	32
981	1209	26	409	6.7	12	0.18	111.111	111.111	f	f	f	f	f	14
982	1415	26	490	6.7	12	0.28	111.111	111.111	f	f	f	f	f	42
983	1706	23	855	6.2	12	2.19	111.111	111.111	f	f	f	f	f	33
984	1706	24	522	7.4	8	0.08	111.111	111.111	f	f	f	f	f	73
985	1415	25	509	6.7	12	2.2	111.111	111.111	f	f	f	f	f	24
986	1456	23	660	6.7	12	1.13	111.111	111.111	f	f	f	f	f	82
987	1479	23	680	6.7	12	1.35	111.111	111.111	f	f	f	f	f	51
988	1871	22	836	6.7	12	1.69	111.111	111.111	f	f	f	f	f	66
989	1871	22	840	6.7	12	1.19	111.111	111.111	f	f	f	f	f	64
990	1415	25	506	6.7	12	2.95	111.111	111.111	f	f	f	f	f	13
991	1415	26	516	6.7	12	0.61	111.111	111.111	f	f	f	f	f	25
992	1415	26	349	6.7	12	0.4	111.111	111.111	f	f	f	f	f	55
993	1285	26	465	6.7	12	0.54	111.111	111.111	f	f	f	f	f	32
994	1285	26	480	6.7	12	1.28	111.111	111.111	f	f	f	f	f	29
995	1706	23	768	6.2	12	0.22	111.111	111.111	f	f	f	f	f	47
996	1560	24	665	6.7	12	0.82	111.111	111.111	f	f	f	f	f	88
997	1560	24	658	6.7	12	1.04	111.111	111.111	f	f	f	f	f	8
998	1560	24	697	6.7	12	1.74	111.111	111.111	f	f	f	f	f	52
999	1560	24	699	6.7	12	1.02	111.111	111.111	f	f	f	f	f	83
1000	1433	24	642	6.7	12	1.09	111.111	111.111	f	f	f	f	f	53
1001	1433	24	699	6.7	12	1.93	111.111	111.111	f	f	f	f	f	36
1002	1433	24	700	6.7	12	0.52	111.111	111.111	f	f	f	f	f	64
1003	1560	24	699	6.7	12	0.88	111.111	111.111	f	f	f	f	f	2
1004	1433	24	685	6.7	12	1.92	111.111	111.111	f	f	f	f	f	77
1005	1479	23	629	7.9	12	0.88	111.111	111.111	f	f	f	f	f	8
1006	1871	23	755	7.4	8	0.21	111.111	111.111	f	f	f	f	f	17
1007	1871	23	781	7.4	8	2.11	111.111	111.111	f	f	f	f	f	80
1008	1854	22	790	7	12	0.72	111.111	111.111	f	f	f	f	f	27
1009	1854	22	751	7.4	8	1.13	111.111	111.111	f	f	f	f	f	56
1010	1854	22	743	7.4	8	3.05	111.111	111.111	f	f	f	f	f	45
1011	1854	21	870	7	12	1.45	111.111	111.111	f	f	f	f	f	72
1012	1854	23	700	7.4	8	3.6	111.111	111.111	f	f	f	f	f	61
1013	1854	22	703	7	12	0.16	111.111	111.111	f	f	f	f	f	51
1014	1706	23	843	6.2	12	2.78	111.111	111.111	f	f	f	f	f	70
1015	1854	23	614	6.2	12	1.7	111.111	111.111	f	f	f	f	f	81
1016	1479	24	687	6.7	12	1.2	111.111	111.111	f	f	f	f	f	26
1017	1854	24	501	6	5	3.32	111.111	111.111	f	f	f	f	f	77
1018	1854	23	577	6.2	12	0.43	111.111	111.111	f	f	f	f	f	38
1019	1854	23	617	6.2	12	0.39	111.111	111.111	f	f	f	f	f	34
1020	1854	23	597	6.2	12	0.84	111.111	111.111	f	f	f	f	f	87
1021	1854	23	634	6.2	12	1.89	111.111	111.111	f	f	f	f	f	76
1022	1209	26	409	6.7	12	1.31	111.111	111.111	f	f	f	f	f	13
1023	1209	26	418	6.7	12	4.22	111.111	111.111	f	f	f	f	f	64
1024	1415	25	506	6.7	12	0.99	111.111	111.111	f	f	f	f	f	23
1025	1433	24	621	6.7	12	1.94	111.111	111.111	f	f	f	f	f	71
1026	1285	26	386	6.7	12	2.67	111.111	111.111	f	f	f	f	f	49
1027	1285	27	379	6.7	12	3.14	111.111	111.111	f	f	f	f	f	41
1028	1285	27	381	6.7	12	2.22	111.111	111.111	f	f	f	f	f	47
1029	1285	26	389	6.7	12	0.56	111.111	111.111	f	f	f	f	f	0
1030	1285	26	387	6.7	12	0.85	111.111	111.111	f	f	f	f	f	73
1031	1285	26	398	6.7	12	0.11	111.111	111.111	f	f	f	f	f	65
1032	1579	23	734	7.9	12	0.42	111.111	111.111	f	f	f	f	f	88
1033	1491	24	411	7.4	8	1.7	111.111	111.111	f	f	f	f	f	11
1034	1579	23	674	7.9	12	0.3	111.111	111.111	f	f	f	f	f	42
1035	1579	24	599	7.4	8	8.02	111.111	111.111	f	f	f	f	f	29
1036	1579	23	574	7.4	8	0.69	111.111	111.111	f	f	f	f	f	53
1037	1491	24	404	7.4	8	0.72	111.111	111.111	f	f	f	f	f	27
1038	1579	23	572	7.4	8	0.64	111.111	111.111	f	f	f	f	f	3
1039	1491	25	411	7.4	8	0.54	111.111	111.111	f	f	f	f	f	89
1040	1579	23	574	7.4	8	0.37	111.111	111.111	f	f	f	f	f	9
1041	1491	24	401	7.4	8	0.66	111.111	111.111	f	f	f	f	f	64
1042	1415	25	508	6.7	12	3.5	111.111	111.111	f	f	f	f	f	44
1043	1415	26	492	6.7	12	0.26	111.111	111.111	f	f	f	f	f	60
1044	1415	25	514	6.7	12	0.86	111.111	111.111	f	f	f	f	f	76
1045	1433	24	607	7.9	12	1.04	111.111	111.111	f	f	f	f	f	75
1046	1433	24	629	6.7	12	29.76	111.111	111.111	f	f	f	f	f	55
1047	1433	24	644	6.7	12	6.21	111.111	111.111	f	f	f	f	f	48
1048	1285	26	481	6.7	12	0.67	111.111	111.111	f	f	f	f	f	47
1049	1285	26	479	6.7	12	7.44	111.111	111.111	f	f	f	f	f	85
1050	1285	26	467	6.7	12	0.15	111.111	111.111	f	f	f	f	f	72
1051	1285	26	467	6.7	12	0.34	111.111	111.111	f	f	f	f	f	62
1052	1491	24	474	6.9	3	1.36	111.111	111.111	f	f	f	f	f	26
1053	1491	24	399	7.4	8	23.59	111.111	111.111	f	f	f	f	f	58
1054	1491	24	439	6.9	3	1.93	111.111	111.111	f	f	f	f	f	90
1055	1579	24	522	7.4	8	2.39	111.111	111.111	f	f	f	f	f	64
1056	1415	25	517	6.7	12	1.47	111.111	111.111	f	f	f	f	f	68
1057	1706	23	866	6.2	12	6.23	111.111	111.111	f	f	f	f	f	77
1058	1854	24	570	6	5	1.03	111.111	111.111	f	f	f	f	f	24
1059	1854	24	498	6	5	0.43	111.111	111.111	f	f	f	f	f	45
1060	1854	24	442	6	5	3.4	111.111	111.111	f	f	f	f	f	87
1061	1854	23	587	6.2	12	0.6	111.111	111.111	f	f	f	f	f	36
1062	1854	23	588	6.2	12	0.63	111.111	111.111	f	f	f	f	f	36
1063	1854	23	649	7.4	8	2.76	111.111	111.111	f	f	f	f	f	0
1064	1854	23	594	6.2	12	0.37	111.111	111.111	f	f	f	f	f	13
1065	1854	24	483	6	5	2.78	111.111	111.111	f	f	f	f	f	62
1066	1725	23	696	7.4	8	1.45	111.111	111.111	f	f	f	f	f	26
1067	1854	23	682	7	12	1.7	111.111	111.111	f	f	f	f	f	15
1068	1489	25	269	7.9	12	7.16	111.111	111.111	f	f	f	f	f	43
1069	1854	23	571	6.2	12	0.27	111.111	111.111	f	f	f	f	f	37
1070	1854	23	532	6.2	12	0.56	111.111	111.111	f	f	f	f	f	86
1071	1854	23	572	6.2	12	0.35	111.111	111.111	f	f	f	f	f	16
1072	1872	22	815	7	12	2.09	111.111	111.111	f	f	f	f	f	44
1073	1854	23	661	7.4	8	3.1	111.111	111.111	f	f	f	f	f	74
1074	1489	25	288	7.9	12	1.24	111.111	111.111	f	f	f	f	f	8
1075	1725	23	792	6.2	12	0.6	111.111	111.111	f	f	f	f	f	43
1076	1706	23	538	7.4	8	2.54	111.111	111.111	f	f	f	f	f	66
1077	1854	23	659	7	12	1.18	111.111	111.111	f	f	f	f	f	59
1078	1725	23	722	7	12	8.22	111.111	111.111	f	f	f	f	f	85
1079	1854	22	750	7	12	2.16	111.111	111.111	f	f	f	f	f	57
1080	1854	22	705	7	12	0.22	111.111	111.111	f	f	f	f	f	88
1081	1489	25	246	7.9	12	6.37	111.111	111.111	f	f	f	f	f	22
1082	1872	22	834	7	12	0.33	111.111	111.111	f	f	f	f	f	68
1083	1706	23	740	6.2	12	2.24	111.111	111.111	f	f	f	f	f	33
1084	1579	24	513	7.4	8	0.66	111.111	111.111	f	f	f	f	f	84
1085	1579	24	516	7.4	8	0.62	111.111	111.111	f	f	f	f	f	76
1086	1491	25	479	7.4	8	1.78	111.111	111.111	f	f	f	f	f	44
1087	1629	25	317	7.4	8	0.31	111.111	111.111	f	f	f	f	f	44
1088	1629	24	334	7.4	8	3.1	111.111	111.111	f	f	f	f	f	24
1089	1706	23	843	6.2	8	2.03	111.111	111.111	f	f	f	f	f	50
1090	1706	23	887	6.2	12	0.16	111.111	111.111	f	f	f	f	f	66
1091	1706	23	847	6.2	12	0.28	111.111	111.111	f	f	f	f	f	32
1092	1725	23	830	6.2	12	0.58	111.111	111.111	f	f	f	f	f	16
1093	1725	23	806	5.9	12	0.7	111.111	111.111	f	f	f	f	f	34
1094	1725	23	802	6.2	12	0.28	111.111	111.111	f	f	f	f	f	46
1095	1479	25	491	7.9	12	0.85	111.111	111.111	f	f	f	f	f	58
1096	1479	25	514	7.9	12	1.04	111.111	111.111	f	f	f	f	f	11
1097	1479	25	512	7.9	12	1.21	111.111	111.111	f	f	f	f	f	66
1098	1479	25	489	7.4	8	0.68	111.111	111.111	f	f	f	f	f	55
1099	1479	25	495	7.4	8	1.6	111.111	111.111	f	f	f	f	f	49
1100	1479	25	504	7.9	12	0.31	111.111	111.111	f	f	f	f	f	68
1101	1415	27	102	7.4	4	0.41	111.111	111.111	f	f	f	f	f	2
1102	1415	27	98	7.4	4	0.06	111.111	111.111	f	f	f	f	f	6
1103	1415	27	101	7.4	4	0.24	111.111	111.111	f	f	f	f	f	84
1104	1209	26	317	6.7	12	1.24	111.111	111.111	f	f	f	f	f	78
1105	1725	23	728	7	12	0.9	111.111	111.111	f	f	f	f	f	75
1106	1854	23	759	5.9	3	0.84	111.111	111.111	f	f	f	f	f	24
1107	1725	23	769	6.7	12	0.74	111.111	111.111	f	f	f	f	f	76
1108	1725	23	774	7	12	1.05	111.111	111.111	f	f	f	f	f	30
1109	1725	23	795	7	12	0.58	111.111	111.111	f	f	f	f	f	49
1110	1725	23	797	7	12	0.61	111.111	111.111	f	f	f	f	f	24
1111	1209	26	382	6.7	12	0.2	111.111	111.111	f	f	f	f	f	87
1112	1706	23	733	6.2	12	2	111.111	111.111	f	f	f	f	f	37
1113	1209	27	312	6.7	12	0.43	111.111	111.111	f	f	f	f	f	54
1114	1415	24	535	6.7	12	0.58	111.111	111.111	f	f	f	f	f	24
1115	1415	24	538	6.7	12	1.28	111.111	111.111	f	f	f	f	f	56
1116	1209	27	300	6.7	12	1.44	111.111	111.111	f	f	f	f	f	16
1117	1209	26	263	6.7	12	1.14	111.111	111.111	f	f	f	f	f	2
1118	1209	26	315	6.7	12	0.46	111.111	111.111	f	f	f	f	f	88
1119	1725	23	700	7.4	8	2.15	111.111	111.111	f	f	f	f	f	3
1120	1706	23	843	7	12	3.27	111.111	111.111	f	f	f	f	f	38
1121	1706	23	906	6.2	12	1.3	111.111	111.111	f	f	f	f	f	64
1122	1706	23	915	6.2	12	0.28	111.111	111.111	f	f	f	f	f	21
\.


--
-- Data for Name: soil_textures; Type: TABLE DATA; Schema: public; Owner: postgres
--

COPY public.soil_textures (id, texture_name) FROM stdin;
1	SAND
2	LOAMY SAND
3	SANDY LOAM
4	LOAM
5	SILTY LOAM
6	SILT
7	SANDY CLAY LOAM
8	CLAY LOAM
9	SILTY CLAY LOAM
10	SANDY CLAY
11	SILTY CLAY
12	CLAY
\.


--
-- Data for Name: species; Type: TABLE DATA; Schema: public; Owner: postgres
--

COPY public.species (id, name, common_name, rainfall_mm_min, rainfall_mm_max, temperature_celsius_min, temperature_celsius_max, elevation_m_min, elevation_m_max, ph_min, ph_max, preferred_soil_texture_id, coastal, riparian, nitrogen_fixing, shade_tolerant, bank_stabilising) FROM stdin;
\.


--
-- Data for Name: species_agroforestry_association; Type: TABLE DATA; Schema: public; Owner: postgres
--

COPY public.species_agroforestry_association (species_id, agroforestry_type_id) FROM stdin;
\.


--
-- Name: agroforestry_types_id_seq; Type: SEQUENCE SET; Schema: public; Owner: postgres
--

SELECT pg_catalog.setval('public.agroforestry_types_id_seq', 1, false);


--
-- Name: farms_id_seq; Type: SEQUENCE SET; Schema: public; Owner: postgres
--

SELECT pg_catalog.setval('public.farms_id_seq', 1122, true);


--
-- Name: soil_textures_id_seq; Type: SEQUENCE SET; Schema: public; Owner: postgres
--

SELECT pg_catalog.setval('public.soil_textures_id_seq', 1, false);


--
-- Name: species_id_seq; Type: SEQUENCE SET; Schema: public; Owner: postgres
--

SELECT pg_catalog.setval('public.species_id_seq', 1, false);


--
-- Name: agroforestry_types agroforestry_types_pkey; Type: CONSTRAINT; Schema: public; Owner: postgres
--

ALTER TABLE ONLY public.agroforestry_types
    ADD CONSTRAINT agroforestry_types_pkey PRIMARY KEY (id);


--
-- Name: agroforestry_types agroforestry_types_type_name_key; Type: CONSTRAINT; Schema: public; Owner: postgres
--

ALTER TABLE ONLY public.agroforestry_types
    ADD CONSTRAINT agroforestry_types_type_name_key UNIQUE (type_name);


--
-- Name: alembic_version alembic_version_pkc; Type: CONSTRAINT; Schema: public; Owner: postgres
--

ALTER TABLE ONLY public.alembic_version
    ADD CONSTRAINT alembic_version_pkc PRIMARY KEY (version_num);


--
-- Name: farm_agroforestry_association farm_agroforestry_association_pkey; Type: CONSTRAINT; Schema: public; Owner: postgres
--

ALTER TABLE ONLY public.farm_agroforestry_association
    ADD CONSTRAINT farm_agroforestry_association_pkey PRIMARY KEY (farm_id, agroforestry_type_id);


--
-- Name: farms farms_pkey; Type: CONSTRAINT; Schema: public; Owner: postgres
--

ALTER TABLE ONLY public.farms
    ADD CONSTRAINT farms_pkey PRIMARY KEY (id);


--
-- Name: soil_textures soil_textures_pkey; Type: CONSTRAINT; Schema: public; Owner: postgres
--

ALTER TABLE ONLY public.soil_textures
    ADD CONSTRAINT soil_textures_pkey PRIMARY KEY (id);


--
-- Name: soil_textures soil_textures_texture_name_key; Type: CONSTRAINT; Schema: public; Owner: postgres
--

ALTER TABLE ONLY public.soil_textures
    ADD CONSTRAINT soil_textures_texture_name_key UNIQUE (texture_name);


--
-- Name: species_agroforestry_association species_agroforestry_association_pkey; Type: CONSTRAINT; Schema: public; Owner: postgres
--

ALTER TABLE ONLY public.species_agroforestry_association
    ADD CONSTRAINT species_agroforestry_association_pkey PRIMARY KEY (species_id, agroforestry_type_id);


--
-- Name: species species_pkey; Type: CONSTRAINT; Schema: public; Owner: postgres
--

ALTER TABLE ONLY public.species
    ADD CONSTRAINT species_pkey PRIMARY KEY (id);


--
-- Name: farm_agroforestry_association farm_agroforestry_association_agroforestry_type_id_fkey; Type: FK CONSTRAINT; Schema: public; Owner: postgres
--

ALTER TABLE ONLY public.farm_agroforestry_association
    ADD CONSTRAINT farm_agroforestry_association_agroforestry_type_id_fkey FOREIGN KEY (agroforestry_type_id) REFERENCES public.agroforestry_types(id) ON DELETE CASCADE;


--
-- Name: farm_agroforestry_association farm_agroforestry_association_farm_id_fkey; Type: FK CONSTRAINT; Schema: public; Owner: postgres
--

ALTER TABLE ONLY public.farm_agroforestry_association
    ADD CONSTRAINT farm_agroforestry_association_farm_id_fkey FOREIGN KEY (farm_id) REFERENCES public.farms(id);


--
-- Name: farms farms_soil_texture_id_fkey; Type: FK CONSTRAINT; Schema: public; Owner: postgres
--

ALTER TABLE ONLY public.farms
    ADD CONSTRAINT farms_soil_texture_id_fkey FOREIGN KEY (soil_texture_id) REFERENCES public.soil_textures(id) ON DELETE CASCADE;


--
-- Name: species_agroforestry_association species_agroforestry_association_agroforestry_type_id_fkey; Type: FK CONSTRAINT; Schema: public; Owner: postgres
--

ALTER TABLE ONLY public.species_agroforestry_association
    ADD CONSTRAINT species_agroforestry_association_agroforestry_type_id_fkey FOREIGN KEY (agroforestry_type_id) REFERENCES public.agroforestry_types(id) ON DELETE CASCADE;


--
-- Name: species_agroforestry_association species_agroforestry_association_species_id_fkey; Type: FK CONSTRAINT; Schema: public; Owner: postgres
--

ALTER TABLE ONLY public.species_agroforestry_association
    ADD CONSTRAINT species_agroforestry_association_species_id_fkey FOREIGN KEY (species_id) REFERENCES public.species(id);


--
-- Name: species species_preferred_soil_texture_id_fkey; Type: FK CONSTRAINT; Schema: public; Owner: postgres
--

ALTER TABLE ONLY public.species
    ADD CONSTRAINT species_preferred_soil_texture_id_fkey FOREIGN KEY (preferred_soil_texture_id) REFERENCES public.soil_textures(id) ON DELETE CASCADE;


--
-- PostgreSQL database dump complete
--

\unrestrict CRmhNBALTLFdtor5Rn9xUyZoWoXjPRyyNklnEpFlz7RmbsKhybsjnU2lnI64lv7

