rainfall_mm,temperature_celsius,elevation_m,ph,soil_texture_id,area_ha,latitude,longitude,coastal,riparian,nitrogen_fixing,shade_tolerant,bank_stabilising,slope,user_id,external_id
1958,23,585,6.2,12,0.37,-8.568797642,126.6757037,FALSE,FALSE,,,,13.11432311,,1
1958,23,481,6.2,12,0.49,-8.567577724,126.680149,FALSE,FALSE,,,,13.93727202,,2
2020,25,179,8.2,3,1.22,-8.642258981,126.6646508,FALSE,FALSE,,,,11.15152638,,3
2553,24,259,5.9,3,0.47,-8.639689701,126.6514579,FALSE,FALSE,,,,15.55242379,,4
2020,25,129,7,12,2.05,-8.643001397,126.6700838,FALSE,TRUE,,,,7.615144358,,5
2011,23,658,7,12,0.87,-8.579704096,126.7049109,FALSE,FALSE,,,,9.16786922,,6
2553,19,1312,6.2,12,0.12,-8.623681835,126.6353088,FALSE,FALSE,,,,30.07806001,,7
2011,23,745,7,12,0.36,-8.578946397,126.7119112,FALSE,FALSE,,,,20.86042451,,8
1958,24,451,7,12,0.32,-8.571145324,126.6864361,FALSE,FALSE,,,,17.73730906,,9
1958,24,421,7,12,0.98,-8.568298684,126.6854162,FALSE,FALSE,,,,7.997971483,,10
2020,25,127,7,12,2.15,-8.639065731,126.674616,FALSE,TRUE,,,,7.479811999,,11
2020,25,198,7,12,1.77,-8.641478337,126.6867108,FALSE,FALSE,,,,10.62135203,,12
1958,23,550,6.2,8,0.23,-8.555700645,126.680316,FALSE,TRUE,,,,21.89291788,,13
2020,24,373,5.9,3,0.06,-8.62460071,126.6540229,FALSE,FALSE,,,,11.31562491,,14
2553,24,246,5.9,3,0.45,-8.638688565,126.6522496,FALSE,TRUE,,,,4.935338263,,15
2553,23,957,6.2,12,0.68,-8.613457084,126.6452377,FALSE,FALSE,,,,27.03149651,,17
2020,24,300,7,12,0.82,-8.635077215,126.6940513,FALSE,FALSE,,,,17.22184564,,18
2553,23,887,6.2,12,0.25,-8.614348704,126.6458764,FALSE,FALSE,,,,37.33488189,,19
2553,23,930,6.2,12,0.25,-8.613405599,126.6464809,FALSE,FALSE,,,,33.61732781,,20
1967,24,579,8.2,3,0.81,-9.31067823,125.0646062,FALSE,FALSE,,,,12.13465243,,22
1967,24,582,8.2,3,0.93,-9.310502312,125.0650436,FALSE,FALSE,,,,14.85495336,,23
2059,23,670,8.2,3,2.14,-9.308452165,125.053319,FALSE,FALSE,,,,13.55482832,,228
1967,24,637,8.2,3,0.97,-9.317842086,125.0642102,FALSE,FALSE,,,,14.43861563,,24
1967,24,635,8.2,3,0.99,-9.318480597,125.0640532,FALSE,FALSE,,,,14.80490283,,25
1967,24,589,8.2,3,0.63,-9.314785179,125.0700661,FALSE,FALSE,,,,9.218781336,,26
2448,22,824,6,3,1.25,-9.186481924,125.1648406,FALSE,FALSE,,,,11.27137781,,127
2448,22,858,6,3,0.62,-9.188057359,125.1645159,FALSE,FALSE,,,,13.50894725,,128
2448,22,800,6,3,0.45,-9.185609659,125.1678109,FALSE,FALSE,,,,6.435797749,,129
2448,22,782,6,3,0.78,-9.184837502,125.1691391,FALSE,FALSE,,,,8.825532766,,130
2201,22,879,8.2,3,0.88,-9.28371648,125.0063124,FALSE,FALSE,,,,11.82102684,,85
2448,22,951,6.2,12,1.31,-9.192612655,125.1678577,FALSE,FALSE,,,,19.9207042,,131
2448,22,921,6.2,12,0.9,-9.192088612,125.1701213,FALSE,FALSE,,,,18.71013873,,132
2448,22,741,6.5,8,1.01,-9.187219166,125.1773272,FALSE,FALSE,,,,15.04053061,,87
2448,22,825,6,3,0.7,-9.186931859,125.165552,FALSE,FALSE,,,,11.36467779,,133
2478,22,999,6,3,0.36,-9.184524769,125.1437773,FALSE,FALSE,,,,14.38708243,,134
2478,22,1074,6.2,12,0.95,-9.189790847,125.1408962,FALSE,FALSE,,,,14.57474537,,88
2478,21,1079,6.2,12,0.95,-9.187883709,125.1459319,FALSE,FALSE,,,,12.55675811,,89
1580,25,21,7.5,4,0.3,-9.370770513,125.2139716,TRUE,FALSE,,,,3.60868395,,29
1580,26,31,7.5,4,0.45,-9.361740253,125.2072724,TRUE,FALSE,,,,2.255389914,,31
1580,25,12,7.5,4,4.92,-9.3771809,125.2154867,TRUE,FALSE,,,,3.5085674,,35
1538,25,10,7.5,4,1.89,-9.401127562,125.2015902,TRUE,FALSE,,,,2.541859197,,36
1734,24,429,7.2,12,0.21,-9.34754987,125.1184292,FALSE,FALSE,,,,6.40699091,,40
1734,24,381,6.7,12,4.08,-9.346822596,125.1301022,FALSE,TRUE,,,,13.40615751,,41
1734,25,31,6.7,12,1.22,-9.381360476,125.148759,TRUE,TRUE,,,,4.48473433,,44
1862,24,549,7.8,12,2.21,-9.338368443,125.1026206,FALSE,FALSE,,,,16.50070112,,46
2201,22,809,8.2,3,0.47,-9.268933252,125.0308376,FALSE,FALSE,,,,11.91448095,,90
2201,22,803,8.2,3,0.35,-9.269334132,125.030689,FALSE,FALSE,,,,13.24069056,,91
2478,22,1013,6.2,12,1.04,-9.188258831,125.1410117,FALSE,FALSE,,,,19.34031687,,92
2478,22,1021,6.2,12,0.8,-9.187973935,125.1424523,FALSE,FALSE,,,,9.983011894,,93
2478,22,1008,6.2,12,0.47,-9.187128294,125.1419329,FALSE,FALSE,,,,8.521787084,,94
2478,22,1001,6,3,0.55,-9.185282823,125.1419113,FALSE,FALSE,,,,13.11533839,,135
2201,22,870,8.2,3,1.5,-9.282785439,125.0086281,FALSE,FALSE,,,,18.78128893,,95
2201,22,799,8.2,3,0.48,-9.283472456,125.0118378,FALSE,FALSE,,,,11.25164231,,96
2201,22,909,8.2,3,0.41,-9.282576052,125.0072491,FALSE,FALSE,,,,12.13025398,,97
2201,22,846,8.2,3,0.33,-9.284393135,125.0081706,FALSE,FALSE,,,,18.7616446,,98
2201,22,861,8.2,3,0.72,-9.283969341,125.0077947,FALSE,FALSE,,,,16.97206618,,99
2201,22,906,8.2,3,0.17,-9.276628455,125.0090316,FALSE,FALSE,,,,13.87275706,,100
2201,22,887,8.2,3,0.47,-9.27727973,125.0098057,FALSE,FALSE,,,,16.1736756,,101
2478,22,835,8.2,3,1.27,-9.187162947,125.1182106,FALSE,FALSE,,,,8.957763288,,102
2448,22,702,6,3,0.98,-9.180576323,125.1715062,FALSE,TRUE,,,,9.405686335,,84
2201,22,826,8.2,3,0.61,-9.281035335,125.0112479,FALSE,FALSE,,,,11.50772393,,86
2201,22,842,8.2,3,0.68,-9.283748535,125.0085914,FALSE,FALSE,,,,16.84276389,,105
2201,22,828,8.2,3,0.39,-9.284247124,125.0089421,FALSE,FALSE,,,,13.24911848,,106
2201,23,796,8.2,3,1.45,-9.265143113,125.02822,FALSE,FALSE,,,,13.01336225,,108
2201,23,750,8.2,3,0.62,-9.264876799,125.0359974,FALSE,FALSE,,,,9.910204177,,109
2201,22,777,8.2,3,1.27,-9.266292149,125.0352565,FALSE,FALSE,,,,12.25916239,,110
2201,23,742,8.2,3,0.47,-9.262915027,125.0325959,FALSE,FALSE,,,,16.90478399,,111
2201,22,768,8.2,3,0.32,-9.266800227,125.024579,FALSE,TRUE,,,,12.8443148,,136
2478,22,934,8.2,3,1.14,-9.192925593,125.1210974,FALSE,FALSE,,,,8.743830382,,113
2478,22,940,6.2,12,1.17,-9.191277943,125.1247147,FALSE,FALSE,,,,10.24742791,,137
2478,22,938,6,3,1.33,-9.182100486,125.1429484,FALSE,FALSE,,,,17.08029086,,138
2478,22,1023,6,3,0.44,-9.186613667,125.1425462,FALSE,FALSE,,,,7.656227599,,139
2478,21,1055,6,3,1.03,-9.187222397,125.1449221,FALSE,FALSE,,,,10.00830699,,114
2478,22,997,6,3,0.34,-9.184199936,125.144267,FALSE,FALSE,,,,15.8868412,,115
2201,22,821,8.2,3,0.09,-9.268645413,125.0311728,FALSE,FALSE,,,,10.7322956,,117
2201,23,806,8.2,3,0.9,-9.265658105,125.0302723,FALSE,FALSE,,,,10.42232214,,140
1967,23,579,8.2,3,0.64,-9.329873269,125.0682036,FALSE,FALSE,,,,9.76116058,,50
1967,23,573,6.6,3,0.69,-9.330564875,125.0682766,FALSE,FALSE,,,,11.62733974,,51
1967,24,516,8.2,3,0.79,-9.306547338,125.0745422,FALSE,FALSE,,,,11.23671545,,52
1967,24,519,8.2,3,0.7,-9.306035952,125.0743561,FALSE,FALSE,,,,9.307347966,,53
2448,22,869,6.2,12,0.78,-9.18607075,125.1599426,FALSE,FALSE,,,,14.38747922,,141
2448,22,821,6,3,0.49,-9.18570484,125.1635655,FALSE,FALSE,,,,10.85595419,,142
2448,22,685,6,3,0.84,-9.180656156,125.1751719,FALSE,FALSE,,,,14.60500748,,118
2059,23,665,8.2,3,0.69,-9.30713188,125.0514791,FALSE,FALSE,,,,8.981241712,,119
2059,23,632,8.2,3,0.56,-9.306338844,125.048409,FALSE,FALSE,,,,11.75568401,,120
2201,23,704,8.2,3,1.25,-9.289308994,125.0188382,FALSE,FALSE,,,,11.27494917,,121
2201,23,744,8.2,3,0.52,-9.281868145,125.0337083,FALSE,FALSE,,,,9.086108448,,122
2201,23,743,8.2,3,0.69,-9.282628317,125.0339277,FALSE,FALSE,,,,7.059934333,,123
1967,24,547,8.2,3,2.01,-9.306905682,125.0637016,FALSE,FALSE,,,,14.19041984,,54
2201,23,698,8.2,3,0.4,-9.285741305,125.0308505,FALSE,FALSE,,,,19.02686105,,143
2201,23,794,8.2,3,0.5,-9.276701328,125.0328273,FALSE,FALSE,,,,15.92321036,,124
2201,23,776,8.2,3,0.65,-9.278103409,125.0336685,FALSE,FALSE,,,,13.24879654,,125
2201,23,731,8.2,3,1.12,-9.27640447,125.0270724,FALSE,FALSE,,,,10.57628389,,56
2478,22,932,6,3,0.91,-9.181386485,125.1518889,FALSE,FALSE,,,,10.7178173,,144
2448,22,831,6,3,0.31,-9.180588642,125.1573753,FALSE,FALSE,,,,11.18149252,,145
2448,22,832,6,3,0.61,-9.181980658,125.1593842,FALSE,FALSE,,,,14.24100311,,146
2478,22,1048,6.2,12,0.99,-9.185995338,125.1502439,FALSE,FALSE,,,,21.87301642,,147
2448,22,781,6,3,3.17,-9.178407109,125.1589554,FALSE,FALSE,,,,13.07693335,,148
2478,22,1053,8.2,3,0.6,-9.199739469,125.1141224,FALSE,FALSE,,,,14.55390664,,149
2478,22,1115,8.2,3,1.15,-9.201484699,125.1170541,FALSE,FALSE,,,,10.39915442,,150
2201,22,602,8.2,3,0.92,-9.282374622,125.0238928,FALSE,FALSE,,,,12.15734867,,151
2201,22,822,8.2,3,0.52,-9.278158641,125.0113579,FALSE,FALSE,,,,18.44519667,,152
2201,22,929,8.2,3,0.49,-9.275916797,125.0088278,FALSE,FALSE,,,,24.19170669,,57
2478,22,960,6.2,12,0.44,-9.187993834,125.1385396,FALSE,FALSE,,,,19.6079704,,153
2478,22,1033,8.2,3,1.41,-9.197964898,125.1150572,FALSE,FALSE,,,,15.35277179,,154
2478,22,929,8.2,3,0.4,-9.18694706,125.1377173,FALSE,TRUE,,,,11.60632914,,155
2366,21,736,6.6,3,1.73,-9.20738032,125.1792021,FALSE,FALSE,,,,12.14712866,,58
2366,22,698,6.6,3,0.39,-9.208373583,125.1812136,FALSE,FALSE,,,,7.903983161,,59
2448,21,815,6.2,12,0.41,-9.199958335,125.178358,FALSE,FALSE,,,,8.831855796,,60
2448,22,961,6.2,12,2.65,-9.184964926,125.1538864,FALSE,FALSE,,,,18.57878396,,156
2201,22,927,8.2,3,2.92,-9.25603315,125.0053604,FALSE,FALSE,,,,17.3502095,,157
2201,22,859,8.2,3,3.08,-9.259561596,125.0032965,FALSE,TRUE,,,,10.60676799,,158
2201,23,1021,8.2,3,0.63,-9.254922329,125.0152337,FALSE,FALSE,,,,6.178322856,,159
2201,23,843,8.2,3,1.16,-9.260984152,125.0267255,FALSE,FALSE,,,,11.80917323,,160
2201,23,844,8.2,3,2.06,-9.259723479,125.0264941,FALSE,FALSE,,,,14.50942983,,161
2201,22,888,8.2,3,0.44,-9.257791132,125.0014438,FALSE,FALSE,,,,15.37820512,,162
2201,23,918,8.2,3,1.15,-9.260123859,125.0237513,FALSE,FALSE,,,,13.33351739,,163
2217,23,815,8.2,3,0.41,-9.247531578,124.9936497,FALSE,FALSE,,,,7.772002584,,164
2228,23,848,8.2,3,0.92,-9.220050033,125.0349895,FALSE,TRUE,,,,20.0236169,,165
2201,23,858,8.2,3,0.52,-9.262615723,125.0229199,FALSE,TRUE,,,,20.15047171,,166
2366,23,315,6.6,3,1.34,-9.232832805,125.1892471,FALSE,FALSE,,,,16.18753598,,65
2366,23,309,6.6,3,1.05,-9.230402444,125.1908293,FALSE,TRUE,,,,5.064754833,,66
2366,23,414,6.6,3,0.76,-9.231686496,125.1862263,FALSE,FALSE,,,,11.63337523,,67
2448,22,629,6.5,8,5.12,-9.185818831,125.1825336,FALSE,TRUE,,,,9.317941861,,68
2448,22,635,6.5,8,0.84,-9.184387654,125.181221,FALSE,TRUE,,,,11.09475127,,69
2448,22,844,6.2,12,0.34,-9.191675145,125.1732916,FALSE,FALSE,,,,19.01112422,,167
2448,22,813,6,3,0.6,-9.181105567,125.1608279,FALSE,FALSE,,,,9.188054169,,168
2448,22,835,6.2,12,0.75,-9.188322225,125.168165,FALSE,FALSE,,,,10.43960058,,169
2448,22,640,6,3,1.23,-9.177738003,125.1750548,FALSE,FALSE,,,,12.24365089,,70
2201,23,813,8.2,3,0.97,-9.263934229,125.0245894,FALSE,TRUE,,,,11.93685567,,170
2201,22,793,8.2,3,1.95,-9.265959456,125.0238023,FALSE,TRUE,,,,12.98894652,,171
2201,22,746,8.2,3,0.42,-9.267604976,125.0251397,FALSE,TRUE,,,,9.03556543,,172
2201,22,732,8.2,3,1.49,-9.271302073,125.0276206,FALSE,FALSE,,,,11.64693944,,173
2448,21,834,6.2,12,0.6,-9.200668566,125.1778485,FALSE,FALSE,,,,10.31481929,,71
2448,21,811,6.2,12,0.94,-9.20305891,125.1785889,FALSE,FALSE,,,,12.5392986,,72
2366,22,729,6.6,3,1.44,-8.440942926,127.0262141,FALSE,FALSE,,,,2.007343027,,1843
2228,22,838,8.2,3,3.18,-9.234868303,125.0431584,FALSE,FALSE,,,,12.1532473,,174
2228,22,953,8.2,3,0.82,-9.230665,125.0448599,FALSE,FALSE,,,,21.25614012,,175
2228,23,750,8.2,3,0.92,-9.240964031,125.0519866,FALSE,FALSE,,,,18.96705371,,176
2228,23,737,8.2,3,1.24,-9.243207423,125.0460382,FALSE,FALSE,,,,18.90155413,,177
2448,22,895,6,3,0.69,-9.181120134,125.1542762,FALSE,FALSE,,,,11.16280142,,178
2478,22,1034,6.2,12,0.89,-9.187791889,125.1435256,FALSE,FALSE,,,,10.70997495,,179
2478,22,950,8.2,3,1.24,-9.184589441,125.1399632,FALSE,FALSE,,,,17.52395147,,180
2366,22,747,6.6,3,1.35,-9.220023323,125.1782805,FALSE,FALSE,,,,13.25644132,,75
2366,22,726,6.6,3,1.11,-9.216577088,125.1770546,FALSE,FALSE,,,,9.29503477,,76
2448,22,758,6.5,8,0.76,-9.187567766,125.1765164,FALSE,FALSE,,,,13.63554122,,77
2201,22,937,8.2,3,2.01,-9.256773517,125.009192,FALSE,TRUE,,,,8.926425085,,181
2536,22,1046,8.2,3,0.37,-9.22279724,125.0607978,FALSE,FALSE,,,,22.94303741,,182
2536,22,978,8.2,3,0.58,-9.217133999,125.0604423,FALSE,FALSE,,,,22.70816881,,183
2536,22,978,8.2,3,0.71,-9.217587091,125.0597967,FALSE,FALSE,,,,22.00757651,,184
2536,22,1022,8.2,3,1.37,-9.216265549,125.0672662,FALSE,FALSE,,,,16.86987933,,185
2536,22,1008,8.2,3,0.61,-9.217175558,125.065277,FALSE,FALSE,,,,13.23914912,,186
2536,22,1070,8.2,3,0.38,-9.223301203,125.0594196,FALSE,FALSE,,,,10.6331329,,187
2536,22,996,8.2,3,1.64,-9.224901408,125.0574927,FALSE,FALSE,,,,28.76698331,,188
2536,22,934,8.2,3,0.12,-9.226313956,125.0589585,FALSE,FALSE,,,,12.99205492,,189
2536,22,913,8.2,3,0.3,-9.227269411,125.0589763,FALSE,FALSE,,,,12.63386631,,190
2536,22,876,8.2,3,1.82,-9.227610766,125.0606094,FALSE,FALSE,,,,12.87972747,,191
2536,22,877,8.2,3,1.6,-9.226352085,125.0618989,FALSE,FALSE,,,,12.06624622,,192
2536,22,799,8.2,3,1.87,-9.22301876,125.0685487,FALSE,FALSE,,,,15.92241062,,193
2536,22,798,8.2,3,0.12,-9.221842305,125.0697333,FALSE,FALSE,,,,13.36241359,,80
2536,22,790,8.2,3,0.71,-9.221655553,125.0713972,FALSE,FALSE,,,,12.58397436,,194
2536,22,798,8.2,3,1.08,-9.221074371,125.0721124,FALSE,FALSE,,,,9.408729471,,195
2536,22,784,8.2,3,0.77,-9.220885937,125.073035,FALSE,FALSE,,,,9.54127418,,196
2536,22,827,8.2,3,0.27,-9.225729957,125.0642514,FALSE,FALSE,,,,13.0072849,,197
2536,22,857,8.2,3,0.1,-9.223079639,125.0647153,FALSE,FALSE,,,,14.28857408,,198
2536,22,811,8.2,3,0.88,-9.220640985,125.0708412,FALSE,FALSE,,,,13.57528312,,199
2536,22,812,8.2,3,0.17,-9.220792137,125.0702944,FALSE,FALSE,,,,14.06070705,,200
2536,22,834,8.2,3,0.48,-9.220285381,125.0697583,FALSE,FALSE,,,,23.34969614,,201
2536,22,753,8.2,3,2.11,-9.222894921,125.0719528,FALSE,FALSE,,,,14.35288639,,202
2536,21,719,8.2,3,0.9,-9.223421218,125.0743215,FALSE,TRUE,,,,9.571329823,,203
2536,22,863,8.2,3,0.85,-9.218102788,125.0739289,FALSE,FALSE,,,,21.75363803,,205
2536,22,805,8.2,3,0.4,-9.229453396,125.0628227,FALSE,FALSE,,,,13.77381348,,207
2536,22,873,8.2,3,0.42,-9.224714896,125.06296,FALSE,FALSE,,,,18.77045549,,206
2536,22,841,8.2,3,1.16,-9.22471422,125.0647425,FALSE,FALSE,,,,12.09133796,,208
2536,22,837,8.2,3,2.5,-9.21872131,125.0730179,FALSE,FALSE,,,,18.73449711,,209
2536,22,768,8.2,3,0.84,-9.22210224,125.0723784,FALSE,FALSE,,,,14.93718513,,210
2536,22,871,8.2,3,0.43,-9.222459373,125.0649039,FALSE,FALSE,,,,18.91488241,,211
2536,22,874,8.2,3,0.53,-9.226976589,125.0615595,FALSE,FALSE,,,,12.64233179,,212
2536,22,818,8.2,3,0.75,-9.229238007,125.062234,FALSE,FALSE,,,,15.66020783,,213
2382,22,964,8.2,3,0.95,-9.229004549,125.0543392,FALSE,FALSE,,,,19.2686006,,214
2228,22,779,8.2,3,3.25,-9.233403163,125.0380901,FALSE,FALSE,,,,13.23685087,,215
2536,22,724,8.2,3,0.46,-9.224383053,125.0717616,FALSE,FALSE,,,,15.27415285,,216
2536,22,920,8.2,3,0.74,-9.226057783,125.0599501,FALSE,FALSE,,,,15.55641896,,217
2536,22,1041,8.2,3,0.32,-9.221557254,125.0612807,FALSE,FALSE,,,,9.894430695,,219
2201,22,802,8.2,3,1.81,-9.266772807,125.0319104,FALSE,FALSE,,,,12.98397293,,220
2466,21,991,6.8,10,0.46,-8.624064083,126.5724503,FALSE,FALSE,,,,6.630299141,,605
1922,25,289,7.4,8,6.23,-8.560781225,126.5606556,FALSE,FALSE,,,,12.8797546,,1597
1922,25,376,7.4,8,4.84,-8.567674169,126.5575861,FALSE,FALSE,,,,15.22216199,,1598
1965,23,573,6.8,10,0.39,-8.61914771,126.5453863,FALSE,FALSE,,,,5.592611116,,1599
1487,26,245,7.9,12,0.6,-8.541298825,126.5479981,FALSE,FALSE,,,,9.673862533,,1600
2466,21,987,7,12,0.21,-8.619719182,126.5774722,FALSE,FALSE,,,,10.48207726,,1601
1487,26,366,7.4,8,0.69,-8.534387416,126.5597088,FALSE,FALSE,,,,9.619152618,,1602
1357,23,371,6.7,12,1.19,-8.429230208,127.0777855,FALSE,FALSE,,,,1.985486382,,1606
1357,23,369,6.7,12,0.82,-8.429797456,127.079999,FALSE,FALSE,,,,2.081978789,,1608
1371,24,400,6.7,12,0.28,-8.666623547,126.3623188,FALSE,FALSE,,,,10.31555626,,3026
1357,23,404,6.7,12,0.45,-8.413714597,127.0825974,FALSE,FALSE,,,,14.1113512,,1612
1357,23,364,6.7,12,0.61,-8.426851725,127.0839077,FALSE,FALSE,,,,2.575683029,,1613
1371,24,388,6.7,12,0.91,-8.443309745,127.025295,FALSE,FALSE,,,,1.795383079,,1614
1402,24,347,6.8,12,1.08,-8.517847781,127.0917489,FALSE,FALSE,,,,2.501736812,,1615
1402,24,341,7.1,8,3.44,-8.502899073,127.0951212,FALSE,FALSE,,,,1.852130015,,1616
1402,24,344,6.7,12,6.56,-8.507214296,127.0999751,FALSE,FALSE,,,,4.720134039,,1617
2466,23,498,6.8,10,1.7,-8.614204472,126.547026,FALSE,FALSE,,,,16.72029024,,1620
1487,26,295,7.9,12,5.59,-8.538680102,126.5561152,FALSE,FALSE,,,,13.92202592,,1621
1371,24,398,6.7,12,0.04,-8.440392415,127.0190776,FALSE,FALSE,,,,1.218430064,,1622
1487,26,296,7.4,8,6.75,-8.536919701,126.5536739,FALSE,FALSE,,,,13.71777497,,1623
2466,21,1022,7,12,0.16,-8.619626855,126.580101,FALSE,FALSE,,,,11.73206302,,1624
1357,23,372,6.7,12,4.34,-8.419061127,127.090133,FALSE,FALSE,,,,2.243817175,,1665
1357,23,365,6.7,12,0.87,-8.429051008,127.0838062,FALSE,FALSE,,,,3.637003229,,1625
1371,24,403,6.7,12,1.94,-8.441101344,127.0139903,FALSE,FALSE,,,,1.899729205,,1626
1371,24,403,6.7,12,13.72,-8.437190098,127.014317,FALSE,FALSE,,,,2.285982606,,1627
1433,25,354,6.8,12,4.25,-8.485421126,127.0490566,FALSE,FALSE,,,,1.8480802,,1288
1965,24,565,6.8,10,1.7,-8.613523514,126.5399533,FALSE,FALSE,,,,18.89181204,,1628
2466,21,1114,7,12,0.32,-8.54921963,126.3326261,FALSE,FALSE,,,,2.03725211,,2972
1487,26,323,7.4,8,13.23,-8.539044694,126.5593987,FALSE,FALSE,,,,12.86452744,,1629
1371,24,395,6.7,12,2.13,-8.436622958,127.019866,FALSE,FALSE,,,,2.763333241,,1632
1371,24,402,6.7,12,0.54,-8.434117276,127.0209823,FALSE,FALSE,,,,3.230416794,,1633
1357,23,371,6.7,12,1.98,-8.420675473,127.0876373,FALSE,FALSE,,,,2.066613114,,1634
1433,23,351,6.8,12,1.77,-8.4658234,127.0628517,FALSE,FALSE,,,,2.538665092,,1635
1357,23,359,6.7,12,0.55,-8.441020537,127.0843673,FALSE,FALSE,,,,5.429005188,,1636
1385,24,431,6.7,12,0.84,-8.509228314,126.9639272,FALSE,FALSE,,,,4.230668489,,1637
2466,20,1154,6,5,0.07,-8.635905772,126.57161,FALSE,FALSE,,,,9.673150452,,1641
1487,26,354,7.4,8,1.5,-8.53962368,126.5616801,FALSE,FALSE,,,,9.642067403,,1643
1371,24,409,6.7,12,0.13,-8.430297139,127.0215301,FALSE,FALSE,,,,3.670128742,,1644
2466,23,577,6.8,10,0.19,-8.619514306,126.546501,FALSE,FALSE,,,,6.810605776,,1645
1385,24,399,6.7,12,0.26,-8.534521066,127.0007583,FALSE,FALSE,,,,6.515851413,,1646
1371,24,387,6.7,12,0.81,-8.43907687,127.0298516,FALSE,FALSE,,,,2.640464264,,1647
1357,23,408,6.7,12,0.38,-8.412836711,127.0905289,FALSE,FALSE,,,,2.310319816,,1648
1357,23,371,6.7,12,0.22,-8.430259475,127.0733375,FALSE,FALSE,,,,2.2153257,,1649
1922,25,325,7.9,12,14.92,-8.549091056,126.5603367,FALSE,FALSE,,,,11.96879559,,1650
1487,26,282,7.4,8,0.25,-8.544737459,126.5577534,FALSE,FALSE,,,,4.020417846,,1651
1357,23,364,6.7,12,1.03,-8.436205717,127.0777694,FALSE,FALSE,,,,2.419722762,,1652
1357,23,353,6.7,12,2.05,-8.437774029,127.0872774,FALSE,FALSE,,,,2.299419344,,1653
1487,26,329,7.4,8,11.74,-8.542387255,126.5613224,FALSE,FALSE,,,,11.15380454,,1654
1922,25,474,7.4,8,3.78,-8.572299994,126.5532559,FALSE,FALSE,,,,21.00724203,,1655
1922,24,465,7,12,0.11,-8.585100179,126.5784044,FALSE,FALSE,,,,10.77979774,,1656
1487,26,272,7.9,12,1.76,-8.539789831,126.554498,FALSE,FALSE,,,,12.02525887,,1657
2466,21,1060,6.8,10,1,-8.622195065,126.5748672,FALSE,FALSE,,,,12.61008665,,1658
2466,23,622,6.8,10,0.67,-8.618949148,126.5538245,FALSE,FALSE,,,,11.27905131,,1659
1965,24,493,7.4,8,16.67,-8.615256201,126.5371763,FALSE,FALSE,,,,14.37564411,,1660
2466,21,1102,7,12,0.23,-8.625916466,126.572573,FALSE,FALSE,,,,15.92782316,,1329
1371,24,387,6.7,12,1.76,-8.445450622,127.02697,FALSE,FALSE,,,,2.053644008,,1661
1371,24,386,6.7,12,1.73,-8.444483625,127.0268703,FALSE,FALSE,,,,1.89324356,,1662
1433,24,356,6.7,12,1.51,-8.478313151,127.0492449,FALSE,FALSE,,,,1.642938297,,1663
1380,24,354,6.8,12,2.14,-8.486806099,127.0486309,FALSE,FALSE,,,,1.733675709,,1664
1487,26,262,7.4,8,13.51,-8.546147648,126.559334,FALSE,FALSE,,,,10.9034529,,1852
1965,22,766,8.2,3,0.24,-8.645398088,126.5445515,FALSE,FALSE,,,,7.755275477,,1666
1965,22,743,8.2,3,1.76,-8.646818549,126.5429203,FALSE,FALSE,,,,10.06808668,,1667
1965,24,477,8.2,3,1,-8.651906829,126.5105258,FALSE,FALSE,,,,7.799938814,,1668
1922,24,594,7.4,8,1.84,-8.595868882,126.5815295,FALSE,FALSE,,,,8.894123996,,1670
1922,24,569,7.4,8,3.09,-8.588502123,126.5673742,FALSE,FALSE,,,,11.21846043,,1671
1922,24,479,7.4,8,1.21,-8.582976539,126.5776001,FALSE,FALSE,,,,14.92580362,,1672
1922,24,472,7,12,0.18,-8.584500557,126.5782216,FALSE,FALSE,,,,15.64915862,,1673
1922,24,467,7,12,0.73,-8.585089961,126.5781922,FALSE,FALSE,,,,11.9763311,,1674
2466,23,835,6.8,10,0.82,-8.607072553,126.5671225,FALSE,FALSE,,,,14.3599776,,1675
1442,25,397,7.8,12,0.99,-8.486360051,126.9914893,FALSE,FALSE,,,,3.042810169,,1676
1385,23,465,7.8,12,3.88,-8.515168173,126.9511623,FALSE,FALSE,,,,3.625335703,,1677
1586,24,379,6.5,10,0.57,-8.579579698,126.8843117,FALSE,FALSE,,,,7.850843671,,1678
2034,25,322,8.2,3,0.42,-8.674692352,126.692286,FALSE,FALSE,,,,8.506919697,,1679
1371,23,396,6.7,12,0.17,-8.43182124,127.0383587,FALSE,FALSE,,,,1.741593081,,1680
1385,24,441,7.8,12,0.3,-8.521535124,126.9668107,FALSE,FALSE,,,,3.24365809,,1681
1407,24,342,6.5,10,2.69,-8.525589119,126.9176745,FALSE,FALSE,,,,8.42162761,,1682
1402,24,349,6.8,12,0.73,-8.512619574,127.0865434,FALSE,FALSE,,,,1.835531539,,1683
1492,25,39,7.2,12,0.59,-8.846740019,126.5011502,TRUE,FALSE,,,,8.244859283,,1685
1371,23,383,6.7,12,0.32,-8.436626251,127.0442636,FALSE,FALSE,,,,3.264063649,,1686
2034,25,298,8.2,3,0.24,-8.68004694,126.6970933,FALSE,FALSE,,,,10.88311639,,1687
1678,24,107,7.4,8,5.05,-8.780612726,126.5210945,FALSE,FALSE,,,,11.07803202,,1688
1591,25,81,5.9,3,0.74,-8.751643043,126.6884811,TRUE,FALSE,,,,19.57045406,,1689
1371,23,422,6.7,12,2.7,-8.423877542,127.0419685,FALSE,FALSE,,,,3.970826524,,1690
1402,24,343,6.8,12,1.1,-8.503146732,127.1023246,FALSE,FALSE,,,,2.998736748,,1691
1357,23,356,6.7,12,0.07,-8.444372323,127.0768218,FALSE,FALSE,,,,1.544570574,,1692
1489,24,194,7.9,12,0.46,-8.556138794,126.9226268,FALSE,FALSE,,,,3.304670371,,1693
1385,24,442,7.8,12,0.76,-8.520020716,126.9673321,FALSE,FALSE,,,,2.418505806,,1694
1371,23,391,6.7,12,0.52,-8.433898034,127.0452754,FALSE,FALSE,,,,5.174927089,,1695
1489,24,257,6.5,10,0.19,-8.554985688,126.916468,FALSE,FALSE,,,,8.340206563,,1696
1586,24,441,6.5,10,1.04,-8.593982536,126.8887564,FALSE,FALSE,,,,10.1148911,,1697
1371,23,393,6.7,12,0.24,-8.433450967,127.0455167,FALSE,FALSE,,,,6.083700438,,1698
1371,23,397,6.7,12,2.1,-8.431615435,127.0360487,FALSE,FALSE,,,,2.668063309,,1699
1357,23,391,6.7,12,2.05,-8.431983064,127.0491086,FALSE,FALSE,,,,2.791935444,,1700
1380,25,367,7.8,12,3.34,-8.492696485,127.0242414,FALSE,FALSE,,,,2.109098252,,1701
1481,25,5,8.2,3,2.66,-8.946064342,126.4753071,TRUE,FALSE,,,,2.623216957,,1702
1371,24,415,6.7,12,1.56,-8.42843272,127.0388822,FALSE,FALSE,,,,8.666653177,,1703
2034,25,336,8.2,3,0.61,-8.677781215,126.6899605,FALSE,FALSE,,,,9.659932562,,1704
1380,25,372,7.8,12,20.85,-8.491243206,127.0147364,FALSE,FALSE,,,,1.915070904,,1705
1371,23,401,6.7,12,0.4,-8.431540547,127.0479338,FALSE,FALSE,,,,5.832992151,,1706
1371,23,395,6.7,12,1.05,-8.433885237,127.0410418,FALSE,FALSE,,,,4.005987268,,1707
1371,23,402,6.7,12,0.21,-8.433066297,127.0407208,FALSE,FALSE,,,,2.659788986,,1708
1371,23,398,6.7,12,0.19,-8.433279633,127.0392606,FALSE,FALSE,,,,4.229311967,,1709
1371,23,391,6.7,12,0.68,-8.436903039,127.0387697,FALSE,FALSE,,,,1.946580897,,1710
1371,23,384,6.7,12,0.45,-8.439165119,127.0391351,FALSE,FALSE,,,,2.719252792,,1711
1385,24,445,7.8,12,0.38,-8.520736775,126.9666889,FALSE,FALSE,,,,2.813931795,,1713
1385,24,445,6.7,12,4.85,-8.523126083,126.9695209,FALSE,FALSE,,,,5.087835776,,1714
1385,24,440,7.8,12,0.95,-8.514142388,126.9609718,FALSE,FALSE,,,,4.3093043,,1716
1385,24,449,7.8,12,4.73,-8.522008801,126.9612952,FALSE,FALSE,,,,3.456234123,,1717
1407,23,482,6.6,12,1.53,-8.52708534,126.9455614,FALSE,FALSE,,,,6.781708626,,1718
1407,23,476,6.6,12,0.38,-8.527797945,126.9459241,FALSE,FALSE,,,,5.768792837,,1719
1385,23,459,7.8,12,1.28,-8.527842289,126.9542247,FALSE,FALSE,,,,3.574062539,,1720
1407,23,461,6.6,12,0.06,-8.527063947,126.9495689,FALSE,FALSE,,,,6.091478002,,1721
1385,23,464,6.6,12,0.65,-8.53202288,126.953886,FALSE,FALSE,,,,6.98768835,,1722
1407,23,476,7.8,12,1.79,-8.515766821,126.9471735,FALSE,FALSE,,,,2.474271148,,1723
1385,24,458,7.9,12,1.67,-8.50859091,126.951824,FALSE,FALSE,,,,6.540305499,,1724
1407,23,467,7.9,12,1.67,-8.510495675,126.9482204,FALSE,FALSE,,,,5.370280466,,1725
1467,23,497,6.6,12,0.54,-8.553138172,126.9659988,FALSE,FALSE,,,,2.276907864,,1726
1467,23,499,6.6,12,0.26,-8.553363752,126.9666474,FALSE,FALSE,,,,2.655207646,,1727
1385,23,441,7.8,12,2.55,-8.544777259,126.9741145,FALSE,FALSE,,,,5.467630387,,1729
1467,24,445,7.8,12,20.62,-8.550491788,126.9819623,FALSE,FALSE,,,,3.23235319,,1730
1385,23,450,7.8,12,10.1,-8.529008761,126.9575084,FALSE,FALSE,,,,4.429236178,,1731
1385,23,455,8.3,8,1.26,-8.527663686,126.9587111,FALSE,FALSE,,,,5.328124791,,1732
1385,23,461,6.6,12,0.65,-8.531051709,126.9548971,FALSE,FALSE,,,,7.015097945,,1733
1385,23,473,6.6,12,0.22,-8.530990406,126.9518497,FALSE,FALSE,,,,6.722075765,,1734
1385,23,459,7.8,12,0.91,-8.486442567,126.7766067,FALSE,FALSE,,,,10.26617891,,777
1385,23,461,7.8,12,4.59,-8.513467382,126.9518644,FALSE,FALSE,,,,3.975520262,,1737
1385,23,468,7.8,12,0.76,-8.514021887,126.9504843,FALSE,FALSE,,,,3.140081257,,1738
1407,23,469,7.8,12,1.42,-8.513805733,126.9498064,FALSE,FALSE,,,,2.12962628,,1739
1407,23,473,7.8,12,4.33,-8.513353109,126.9491203,FALSE,FALSE,,,,3.338490536,,1740
1407,23,474,7.8,12,3.42,-8.515353844,126.9485731,FALSE,FALSE,,,,3.203148466,,1741
1407,23,473,7.8,12,6.44,-8.512550699,126.9464239,FALSE,FALSE,,,,3.778737949,,1742
1407,23,477,7.8,12,3.46,-8.511685433,126.9453347,FALSE,FALSE,,,,4.427219594,,1743
1407,23,472,7.8,12,3.95,-8.510812488,126.9445609,FALSE,FALSE,,,,4.010320017,,1744
1385,23,453,7.8,12,0.46,-8.514678191,126.9550319,FALSE,FALSE,,,,4.612111294,,1745
1385,23,447,7.8,12,0.15,-8.515418824,126.9550612,FALSE,FALSE,,,,6.225159108,,1746
1371,23,402,6.7,12,0.39,-8.430206717,127.040023,FALSE,FALSE,,,,3.380750711,,1747
1385,23,461,7.8,12,0.3,-8.533735727,126.9603498,FALSE,FALSE,,,,3.243389112,,1749
1584,23,342,6.8,12,1.12,-8.469823622,127.1527923,FALSE,FALSE,,,,3.54106275,,1750
1584,23,361,6.7,12,1.28,-8.472246115,127.1589104,FALSE,FALSE,,,,10.35491762,,1751
1407,23,469,6.6,12,0.45,-8.527939079,126.9471924,FALSE,FALSE,,,,7.207647459,,1752
1433,23,350,6.8,12,17.07,-8.46220697,127.0706404,FALSE,FALSE,,,,2.282549624,,1753
1357,23,354,6.7,12,0.66,-8.437917281,127.085766,FALSE,FALSE,,,,2.630224594,,1754
1433,23,350,6.8,12,0.59,-8.456758719,127.0716952,FALSE,FALSE,,,,1.547718405,,1756
1433,23,346,6.8,12,7.56,-8.472035182,127.072881,FALSE,FALSE,,,,2.948502424,,1757
1385,24,407,7.8,12,0.61,-8.50582655,126.9828165,FALSE,FALSE,,,,2.229279178,,1759
1385,24,408,7.8,12,0.76,-8.506328908,126.9825923,FALSE,FALSE,,,,2.861492703,,1760
1433,23,357,6.7,12,4.55,-8.457350227,127.0669063,FALSE,FALSE,,,,3.977035986,,1761
1442,25,392,7.8,12,6.21,-8.489315602,126.9894856,FALSE,FALSE,,,,2.306925152,,1762
1442,25,396,7.8,12,2.84,-8.490349751,126.9894632,FALSE,FALSE,,,,2.775022977,,1763
1385,24,411,7.8,12,0.64,-8.509478153,126.9819092,FALSE,FALSE,,,,1.669570463,,1764
1380,25,371,7.8,12,2.59,-8.489434978,127.017717,FALSE,FALSE,,,,2.00686003,,1765
1584,23,342,6.8,12,2.78,-8.469194635,127.1538592,FALSE,FALSE,,,,3.180221541,,1766
1380,25,364,7.8,12,1.22,-8.493706843,127.0290388,FALSE,FALSE,,,,2.127801174,,1767
1385,23,456,7.8,12,0.42,-8.530873119,126.9605637,FALSE,FALSE,,,,1.742655453,,1768
1385,23,448,6.6,12,3.92,-8.535827192,126.9654811,FALSE,FALSE,,,,3.647663597,,1769
1371,23,398,6.7,12,0.06,-8.430590962,127.0396339,FALSE,FALSE,,,,4.488696463,,1770
1402,24,348,6.8,12,0.57,-8.519889361,127.0911867,FALSE,FALSE,,,,1.648061747,,1771
1371,23,410,6.7,12,0.91,-8.429135978,127.0427565,FALSE,FALSE,,,,2.660419696,,1772
1371,24,405,6.7,12,1.15,-8.428835494,127.0374946,FALSE,FALSE,,,,3.63893346,,1773
1402,24,349,6.8,12,0.45,-8.516158128,127.0867559,FALSE,FALSE,,,,1.968925394,,1774
1402,24,349,6.8,12,0.53,-8.518765232,127.0920717,FALSE,FALSE,,,,1.736774305,,1775
1402,24,349,6.7,12,0.45,-8.519727597,127.0921692,FALSE,FALSE,,,,3.38302033,,1776
1402,23,353,6.7,12,0.97,-8.520652832,127.0920245,FALSE,FALSE,,,,2.851824765,,1777
1402,24,343,6.8,12,0.31,-8.506997178,127.0941816,FALSE,FALSE,,,,4.278339077,,1778
1459,23,350,6.7,12,0.19,-8.506264366,127.1040195,FALSE,FALSE,,,,0.954841254,,1779
1493,22,342,6.8,12,0.57,-8.477575009,127.1335725,FALSE,FALSE,,,,2.331119743,,1780
1493,23,343,6.8,12,0.78,-8.483482109,127.1240972,FALSE,FALSE,,,,3.784913674,,1781
1371,23,387,6.7,12,0.2,-8.435002056,127.0364822,FALSE,FALSE,,,,2.433667622,,1782
1380,24,373,6.7,12,5.51,-8.450896325,127.0405088,FALSE,FALSE,,,,2.187339572,,1783
1371,23,394,6.7,12,0.4,-8.433799683,127.0382617,FALSE,FALSE,,,,2.880695425,,1784
1371,23,396,6.7,12,0.07,-8.433186582,127.0382597,FALSE,FALSE,,,,3.438912395,,1785
1385,23,446,7.8,12,0.63,-8.515568205,126.9557597,FALSE,FALSE,,,,4.941632813,,1786
1385,23,452,7.8,12,0.69,-8.527550296,126.9571033,FALSE,FALSE,,,,6.854130129,,1787
1385,23,454,7.8,12,0.45,-8.518274689,126.9527498,FALSE,FALSE,,,,6.648930558,,1789
1385,23,454,6.6,12,1.05,-8.534983355,126.9628484,FALSE,FALSE,,,,3.871664035,,1790
1385,24,444,7.8,12,0.75,-8.522747434,126.9672273,FALSE,FALSE,,,,4.377660162,,1791
1385,23,452,6.6,12,0.99,-8.53544198,126.9636447,FALSE,FALSE,,,,3.973511237,,1792
1407,23,463,6.6,12,0.2,-8.519712438,126.9469906,FALSE,FALSE,,,,4.411169244,,1793
1371,23,414,6.7,12,2.15,-8.426012923,127.0443165,FALSE,FALSE,,,,7.795005632,,1794
1584,23,352,6.7,12,1.93,-8.471092495,127.1588105,FALSE,FALSE,,,,2.716179283,,1795
1492,26,70,6.7,12,1.4,-8.809012467,126.5315252,TRUE,FALSE,,,,6.030224833,,1796
1433,23,350,6.8,12,2.97,-8.458983757,127.0747627,FALSE,FALSE,,,,1.856793269,,1797
1385,24,417,6.7,12,0.85,-8.534934178,126.9904859,FALSE,FALSE,,,,2.823845872,,1801
1586,24,401,6.5,10,1.03,-8.576897412,126.8791883,FALSE,FALSE,,,,21.3058018,,1802
1357,23,355,6.7,12,2.95,-8.443849171,127.0778518,FALSE,FALSE,,,,2.581191242,,1803
1489,24,262,6,3,2.7,-8.562173331,126.9167794,FALSE,FALSE,,,,11.06313191,,1804
1380,25,365,7.8,12,2.61,-8.495901316,127.0274391,FALSE,FALSE,,,,1.743446592,,1805
1371,24,405,6.7,12,0.04,-8.429598797,127.0353271,FALSE,FALSE,,,,1.719155747,,1806
1371,23,380,6.7,12,0.35,-8.437275637,127.0437016,FALSE,FALSE,,,,2.781619367,,1807
1492,25,3,8.2,3,1.85,-8.94651548,126.4763268,TRUE,FALSE,,,,2.184507463,,1808
1402,23,369,6.7,12,1.14,-8.522197897,127.096896,FALSE,FALSE,,,,3.624525719,,1809
1573,25,52,7.2,12,0.93,-8.841731448,126.4999489,TRUE,FALSE,,,,4.983086994,,1811
1489,23,364,7.9,12,0.59,-8.555588031,126.9477775,FALSE,FALSE,,,,8.289560796,,1812
2034,25,293,8.2,3,0.32,-8.677861577,126.698639,FALSE,FALSE,,,,5.976560232,,601
1678,25,80,7.4,8,0.29,-8.775768509,126.5438662,TRUE,FALSE,,,,17.67003376,,1815
1492,25,144,7.4,8,0.12,-8.79674132,126.5208226,FALSE,FALSE,,,,8.18320574,,1816
1433,23,351,6.8,12,8.55,-8.458504144,127.0693928,FALSE,FALSE,,,,2.947227745,,1817
1492,26,62,6.7,12,2.96,-8.808023417,126.5322049,TRUE,FALSE,,,,9.651556266,,1818
1433,23,363,6.7,12,5.55,-8.453982012,127.052563,FALSE,FALSE,,,,2.351025046,,1819
1489,24,263,6,3,0.94,-8.561214855,126.9159709,FALSE,FALSE,,,,10.90182832,,1820
2034,25,312,8.2,3,1.01,-8.674333236,126.697182,FALSE,FALSE,,,,13.06988167,,1821
1402,23,351,6.7,12,0.23,-8.517443742,127.0942667,FALSE,FALSE,,,,1.310469557,,1822
1489,24,194,7.9,12,0.1,-8.556115958,126.9235177,FALSE,TRUE,,,,2.728068964,,1823
1779,25,51,7.5,4,1.48,-8.77292807,126.5531485,TRUE,FALSE,,,,5.225740134,,1824
1489,23,378,7.9,12,0.24,-8.554921237,126.9475033,FALSE,FALSE,,,,11.25733535,,1825
1371,24,397,6.7,12,0.25,-8.431147628,127.0394217,FALSE,FALSE,,,,1.853729746,,1826
1489,24,357,7.9,12,1.33,-8.482738255,126.335283,FALSE,FALSE,,,,7.916973183,,2759
1371,23,393,6.7,12,0.34,-8.433803891,127.0370886,FALSE,FALSE,,,,1.844762221,,1829
1433,23,350,6.8,12,0.77,-8.459478663,127.0742748,FALSE,FALSE,,,,2.64230552,,1830
1493,22,345,6.8,12,0.74,-8.486376702,127.1217636,FALSE,FALSE,,,,4.757603758,,1831
1493,22,344,6.8,12,0.58,-8.486696163,127.1214157,FALSE,FALSE,,,,4.982749637,,1832
1402,24,349,6.8,12,2.28,-8.515162036,127.0865858,FALSE,FALSE,,,,2.642656798,,1833
1371,23,392,6.7,12,0.74,-8.434480795,127.037274,FALSE,FALSE,,,,2.277118999,,1837
1371,23,391,6.7,12,0.63,-8.434782992,127.039569,FALSE,FALSE,,,,2.650504396,,1838
1385,24,451,7.8,12,4.94,-8.522465556,126.9644601,FALSE,FALSE,,,,4.082159291,,1839
1922,25,359,7.4,8,2.42,-8.564594954,126.5646058,FALSE,FALSE,,,,10.91458524,,1841
1371,24,389,6.7,12,1.01,-8.440084915,127.0268667,FALSE,FALSE,,,,2.723809171,,1842
1357,23,373,6.7,12,0.77,-8.420668822,127.0849977,FALSE,FALSE,,,,1.4760572,,1844
1479,24,408,6.7,12,7.47,-8.551408913,127.0091571,FALSE,FALSE,,,,3.359321915,,1845
1371,24,402,6.7,12,0.9,-8.432218276,127.0276285,FALSE,FALSE,,,,2.656726032,,1846
1922,25,339,7.4,8,10.94,-8.561663387,126.5652719,FALSE,FALSE,,,,12.78197092,,1847
1357,23,366,6.7,12,0.64,-8.426309339,127.0862572,FALSE,FALSE,,,,1.891510935,,1848
1380,24,369,7.8,12,2.06,-8.459312083,127.0325695,FALSE,FALSE,,,,1.66537651,,1849
1380,24,380,6.7,12,1.03,-8.450362668,127.0348912,FALSE,FALSE,,,,2.255034675,,1850
1119,25,213,5.6,10,0.56,-8.597570116,125.4006655,FALSE,FALSE,,,,19.48901517,,1854
1608,23,682,5.6,10,3.31,-8.645250603,125.4175334,FALSE,FALSE,,,,15.91058377,,1857
1608,25,323,5.6,10,4.07,-8.609854098,125.441216,FALSE,TRUE,,,,21.06233727,,1858
1608,24,448,5.6,10,2.28,-8.612716294,125.4348424,FALSE,FALSE,,,,15.81853129,,1859
2009,23,686,5.8,3,0.19,-8.622964932,125.3537215,FALSE,FALSE,,,,11.2746018,,1861
2009,23,714,5.8,3,0.39,-8.624709271,125.3554734,FALSE,FALSE,,,,18.73447657,,1862
2009,23,654,5.8,3,0.23,-8.624826384,125.3560951,FALSE,FALSE,,,,24.99035722,,1860
1342,27,106,5.6,10,1.74,-8.598483532,125.3496696,FALSE,FALSE,,,,17.13893263,,1864
1342,27,73,5.6,10,0.42,-8.59663452,125.3440159,TRUE,FALSE,,,,8.204126385,,1865
2061,26,293,5.6,10,0.83,-8.604926886,125.3484953,FALSE,FALSE,,,,10.76640358,,2191
2094,23,572,5.6,10,2.67,-8.657033379,125.4221564,FALSE,FALSE,,,,8.471035271,,1869
2009,24,412,8.2,3,1.04,-8.614169323,125.3610462,FALSE,FALSE,,,,25.78799718,,1870
2009,25,464,8.2,3,1.33,-8.616827212,125.3571436,FALSE,FALSE,,,,25.64104727,,1871
2009,24,399,8.2,3,4.86,-8.616453203,125.3615398,FALSE,TRUE,,,,27.53514345,,1872
2009,26,208,5.6,10,0.13,-8.607827732,125.3568262,FALSE,FALSE,,,,23.29110444,,1873
2009,26,200,5.6,10,0.66,-8.604934265,125.3566916,FALSE,FALSE,,,,24.69947603,,1874
1301,26,82,8.2,3,0.13,-8.595404131,125.3563643,TRUE,TRUE,,,,5.581141088,,1875
2009,25,480,8.2,3,0.58,-8.614699523,125.3582275,FALSE,FALSE,,,,24.38785604,,1876
2061,26,255,5.6,10,0.44,-8.604541787,125.346983,FALSE,FALSE,,,,19.93471545,,1877
2061,26,268,5.6,10,0.5,-8.604088636,125.3475185,FALSE,FALSE,,,,16.39145979,,1878
2061,26,191,5.6,10,1.64,-8.601637536,125.3463671,FALSE,TRUE,,,,17.6763362,,1879
2061,26,314,5.6,10,5.15,-8.60668052,125.3464051,FALSE,TRUE,,,,17.32418714,,1880
1342,27,60,5.6,10,2.2,-8.596902133,125.345328,TRUE,FALSE,,,,10.80333864,,1881
2061,25,597,5.8,3,0.76,-8.617540487,125.3495444,FALSE,FALSE,,,,15.35425874,,1882
2061,26,337,5.6,10,0.38,-8.606987143,125.3489975,FALSE,FALSE,,,,11.62975891,,1883
1608,23,592,5.6,10,1.65,-8.653205226,125.4219484,FALSE,FALSE,,,,12.10716548,,1885
2094,23,573,5.6,10,2.16,-8.659355122,125.4211927,FALSE,TRUE,,,,9.819291784,,1886
2094,23,641,5.6,10,1.44,-8.657630282,125.4177256,FALSE,FALSE,,,,12.75657347,,1887
1608,22,628,7.5,4,2.28,-8.635950928,125.413797,FALSE,FALSE,,,,6.6857343,,1891
1608,23,629,7.5,4,4.66,-8.635798794,125.4148218,FALSE,FALSE,,,,9.913691431,,1892
1608,23,639,5.6,10,1.35,-8.632192264,125.4154741,FALSE,FALSE,,,,14.50514457,,1893
1608,23,661,5.6,10,1.41,-8.630958306,125.4191243,FALSE,FALSE,,,,15.72649072,,1894
1608,23,648,5.6,10,4.31,-8.646071797,125.4150421,FALSE,FALSE,,,,17.02100781,,1895
1608,22,626,0,4,0.85,-8.648388114,125.4097577,FALSE,FALSE,,,,5.000368526,,1896
1608,23,672,5.6,10,38.48,-8.638699327,125.4186774,FALSE,FALSE,,,,10.45936766,,1897
1608,22,627,0,4,1.48,-8.647635026,125.4099478,FALSE,FALSE,,,,4.891972966,,1898
1608,22,628,7.5,4,0.41,-8.646861118,125.411504,FALSE,FALSE,,,,6.683557678,,1899
1608,22,619,7.5,4,1.18,-8.649395982,125.4122714,FALSE,FALSE,,,,3.195275983,,1900
1608,22,747,5.6,10,7,-8.629596976,125.4107767,FALSE,FALSE,,,,16.82597433,,1901
2094,23,642,0,10,1.22,-8.492753772,126.7718718,FALSE,FALSE,,,,14.23380012,,745
1608,23,624,5.6,10,0.8,-8.648773126,125.4143924,FALSE,FALSE,,,,10.03607501,,1903
1608,23,631,5.6,10,0.31,-8.647074011,125.4143195,FALSE,FALSE,,,,12.61929885,,1904
1608,22,713,5.6,10,11.63,-8.630304885,125.4091914,FALSE,FALSE,,,,16.3094641,,1905
2094,23,609,7.5,4,0.8,-8.654722712,125.4118376,FALSE,FALSE,,,,4.050545573,,1906
1608,23,450,5.8,3,0.27,-8.622052695,125.3992544,FALSE,FALSE,,,,19.76101654,,1910
1608,23,576,5.8,3,0.24,-8.624287047,125.3971586,FALSE,FALSE,,,,18.86386032,,1911
1608,22,688,5.8,3,0.42,-8.628448578,125.3962181,FALSE,FALSE,,,,22.16032552,,1913
1608,22,665,5.6,10,2.45,-8.63404086,125.4098965,FALSE,FALSE,,,,12.16684242,,1915
1608,23,666,5.6,10,1.4,-8.63590034,125.4166822,FALSE,FALSE,,,,18.23338745,,1917
1608,23,663,5.6,10,1.3,-8.635349808,125.4173539,FALSE,FALSE,,,,16.31768201,,1918
1608,23,667,5.6,10,1.53,-8.632997517,125.415824,FALSE,FALSE,,,,16.94228619,,1919
1608,23,630,7.5,4,0.76,-8.633578524,125.4142911,FALSE,FALSE,,,,5.209758962,,1920
1608,23,628,7.5,4,1.02,-8.634053818,125.4141726,FALSE,FALSE,,,,3.911959491,,1921
1608,22,616,7.5,4,1.15,-8.650243079,125.412733,FALSE,FALSE,,,,3.761278132,,1922
1608,22,637,5.6,10,7.75,-8.638888116,125.4138102,FALSE,FALSE,,,,9.293895729,,1923
1608,22,655,7.5,4,1.14,-8.638953348,125.4090593,FALSE,FALSE,,,,17.10310795,,1924
2157,22,927,5.6,10,0.13,-8.657767853,125.1952075,FALSE,FALSE,,,,21.30434741,,1925
2040,22,774,5.8,3,0.67,-8.658591897,125.1995346,FALSE,FALSE,,,,22.8527356,,1926
2040,22,705,5.7,10,0.7,-8.655190144,125.2000047,FALSE,FALSE,,,,25.14372787,,1927
2040,22,694,5.6,10,1.18,-8.65915942,125.2136097,FALSE,FALSE,,,,17.85404351,,1928
2040,22,796,5.8,3,0.32,-8.655369508,125.2157493,FALSE,FALSE,,,,20.61892621,,1930
2040,22,759,5.6,10,0.86,-8.657613235,125.2117091,FALSE,FALSE,,,,19.14079974,,1931
2040,22,770,5.6,10,0.48,-8.65610107,125.2148531,FALSE,FALSE,,,,12.57700703,,1933
2040,22,752,5.7,10,1.26,-8.655449432,125.2166543,FALSE,FALSE,,,,24.71809424,,1934
2040,22,741,5.6,10,0.94,-8.65925853,125.2124594,FALSE,FALSE,,,,19.73328427,,1935
2040,22,679,5.7,10,0.56,-8.659538842,125.2142196,FALSE,FALSE,,,,17.07017161,,1936
2040,22,686,5.7,10,1.44,-8.658926326,125.2164712,FALSE,FALSE,,,,20.10140468,,1937
2040,22,806,5.6,10,0.88,-8.656259046,125.2082128,FALSE,FALSE,,,,29.8635806,,1938
2040,22,733,5.7,10,0.84,-8.654049071,125.2099616,FALSE,FALSE,,,,31.14440763,,1939
1690,23,695,5.7,10,0.18,-8.651424756,125.2115067,FALSE,FALSE,,,,24.45690672,,1940
1690,23,813,5.7,10,0.44,-8.651316084,125.2145721,FALSE,FALSE,,,,22.60989651,,1941
2040,22,698,5.7,10,0.13,-8.658446101,125.216086,FALSE,FALSE,,,,21.10816996,,1942
2040,22,714,5.7,10,0.27,-8.657735648,125.2146388,FALSE,FALSE,,,,15.12658083,,1943
2040,22,710,5.6,10,0.17,-8.657435915,125.2133376,FALSE,FALSE,,,,12.62012965,,1944
2040,22,782,5.6,10,0.84,-8.655696847,125.2123665,FALSE,FALSE,,,,21.56105531,,1945
2040,22,732,5.6,10,0.22,-8.6618941,125.2086782,FALSE,FALSE,,,,21.921015,,1946
2157,22,877,5.8,3,0.32,-8.656813514,125.1968224,FALSE,FALSE,,,,15.20784205,,1947
2157,22,920,5.6,10,0.7,-8.659355147,125.1953359,FALSE,FALSE,,,,17.45974172,,1948
2157,22,1000,5.6,10,0.07,-8.661726721,125.1928316,FALSE,FALSE,,,,12.93442731,,1949
2098,22,919,5.6,10,0.09,-8.662666899,125.1983166,FALSE,FALSE,,,,29.6145981,,1950
2040,22,894,5.6,10,0.89,-8.661913712,125.2041135,FALSE,FALSE,,,,20.38997911,,1951
2040,22,766,5.6,10,0.74,-8.658586981,125.2119931,FALSE,FALSE,,,,21.30342485,,1952
2157,22,1003,5.6,10,3.89,-8.661036034,125.1930791,FALSE,FALSE,,,,13.31390283,,1953
2157,22,854,5.8,3,0.17,-8.656373035,125.1971977,FALSE,FALSE,,,,27.2211796,,1954
2157,22,874,5.8,3,0.35,-8.656568403,125.1964359,FALSE,FALSE,,,,17.28197822,,1955
1690,23,784,5.6,10,0.59,-8.652608092,125.2136827,FALSE,FALSE,,,,21.53030235,,1956
2040,22,713,5.6,10,0.09,-8.658731457,125.2130786,FALSE,FALSE,,,,25.19755425,,1958
2157,22,828,5.8,3,0.82,-8.655333791,125.1960443,FALSE,FALSE,,,,23.24214792,,1959
2157,22,835,5.8,3,0.37,-8.656029468,125.197386,FALSE,FALSE,,,,29.92055862,,1960
2040,22,779,5.6,10,0.36,-8.659329074,125.2116893,FALSE,FALSE,,,,19.85868801,,1961
2040,22,790,5.8,3,3.6,-8.659829687,125.1991554,FALSE,FALSE,,,,21.03517809,,1962
2157,22,837,5.8,3,0.5,-8.658086832,125.1981684,FALSE,FALSE,,,,16.95093183,,1963
2157,22,867,5.8,3,0.93,-8.613929188,125.4000723,FALSE,FALSE,,,,19.96865588,,2282
2157,22,815,5.8,3,1.46,-8.654879093,125.192817,FALSE,FALSE,,,,29.44358795,,1965
2157,22,944,5.6,10,0.64,-8.658140872,125.19491,FALSE,FALSE,,,,20.7965087,,1966
2040,22,767,5.7,10,1.27,-8.653748757,125.2110575,FALSE,FALSE,,,,26.56168266,,1967
1690,23,717,5.7,10,0.22,-8.651978783,125.2120004,FALSE,FALSE,,,,18.33719633,,1968
2157,22,774,5.8,3,0.13,-8.653865491,125.1952453,FALSE,FALSE,,,,24.41768503,,1969
2157,22,772,5.8,3,0.34,-8.653881946,125.1945251,FALSE,FALSE,,,,33.34380265,,1970
2061,22,731,5.8,3,2.47,-8.490028752,126.9792352,FALSE,FALSE,,,,2.856268595,,630
2061,22,685,5.8,3,1.27,-8.64650004,125.3271374,FALSE,FALSE,,,,29.5468035,,1973
2061,25,281,0,10,0.46,-8.62625722,125.3156858,FALSE,TRUE,,,,23.02628466,,1974
2061,22,912,5.8,3,0.14,-8.649772104,125.322634,FALSE,FALSE,,,,12.99706769,,2033
2061,23,693,5.8,3,0.18,-8.647556783,125.3090313,FALSE,FALSE,,,,11.12193623,,1975
2623,22,746,5.8,3,2.9,-8.653781353,125.3118303,FALSE,FALSE,,,,14.50083409,,1976
2061,24,503,5.8,3,0.96,-8.633505471,125.320728,FALSE,FALSE,,,,21.91539273,,1977
2061,23,728,5.8,3,3.34,-8.643211612,125.3219856,FALSE,FALSE,,,,22.32873077,,2040
2061,24,468,5.8,3,2.76,-8.631550261,125.308013,FALSE,FALSE,,,,26.87378712,,1979
2157,22,1011,5.8,3,0.15,-8.662374145,125.183616,FALSE,FALSE,,,,21.93961887,,1980
2157,21,1088,5.6,10,0.25,-8.664698949,125.1858021,FALSE,FALSE,,,,16.37887835,,1981
2157,21,1128,5.6,10,0.5,-8.66624791,125.185211,FALSE,FALSE,,,,9.072353896,,1982
2157,21,1134,5.6,10,0.1,-8.666180236,125.1844408,FALSE,FALSE,,,,9.046241813,,1983
2157,21,1121,5.6,10,0.08,-8.664810581,125.1820925,FALSE,FALSE,,,,9.979388485,,1984
2157,22,810,5.8,3,0.71,-8.658919018,125.1848824,FALSE,FALSE,,,,18.66791385,,1985
2157,22,807,5.8,3,0.11,-8.658959983,125.1839513,FALSE,FALSE,,,,20.92920774,,1986
2157,22,986,5.8,3,0.28,-8.662538912,125.1889665,FALSE,FALSE,,,,21.26022153,,1987
2157,22,965,5.8,3,0.64,-8.661533767,125.1826328,FALSE,FALSE,,,,29.45122371,,1988
2157,21,1009,5.8,3,0.06,-8.663012498,125.1892599,FALSE,FALSE,,,,19.85143856,,1989
2157,22,983,5.8,3,0.29,-8.662566221,125.1892668,FALSE,FALSE,,,,21.99338569,,1990
2157,21,1069,5.8,3,0.12,-8.664056207,125.1875333,FALSE,FALSE,,,,13.97663398,,1991
2157,21,1016,5.8,3,0.3,-8.662629896,125.1867683,FALSE,FALSE,,,,23.23039879,,1992
2157,22,977,5.8,3,0.75,-8.662422204,125.1896537,FALSE,FALSE,,,,21.39929102,,1993
2157,21,1067,5.6,10,1.6,-8.66521778,125.18736,FALSE,FALSE,,,,13.39444911,,1994
2157,21,1124,5.6,10,0.73,-8.665835538,125.1858312,FALSE,FALSE,,,,15.71926415,,1995
2157,21,1142,5.6,10,0.36,-8.665181668,125.1836407,FALSE,FALSE,,,,5.756320897,,1996
1626,24,529,5.6,10,0.61,-8.648048221,125.1677478,FALSE,FALSE,,,,17.38625479,,1997
1626,24,356,5.6,10,1.1,-8.642097973,125.1677262,FALSE,FALSE,,,,16.06202929,,1998
2157,21,1057,5.6,10,1.2,-8.665957759,125.1878452,FALSE,FALSE,,,,17.52681401,,1999
2157,21,1071,5.6,10,1.73,-8.668307505,125.1855926,FALSE,FALSE,,,,19.37957732,,2000
1626,24,429,5.6,10,0.76,-8.644432914,125.1690726,FALSE,FALSE,,,,15.16150994,,2001
1626,24,440,5.6,10,0.31,-8.644816479,125.1685446,FALSE,FALSE,,,,11.74035836,,2003
1626,24,373,5.6,10,2.28,-8.64596515,125.1645485,FALSE,FALSE,,,,30.37809289,,2004
1626,24,352,5.6,10,3.03,-8.647380629,125.1644679,FALSE,TRUE,,,,31.36270961,,2005
1626,24,412,5.6,10,2.8,-8.648704181,125.1653686,FALSE,FALSE,,,,30.99803492,,2006
1626,24,330,5.6,10,0.29,-8.650541694,125.4312821,FALSE,TRUE,,,,6.676665451,,2316
2157,23,688,5.7,10,1.5,-8.654916571,125.1710486,FALSE,FALSE,,,,15.8604261,,2010
1626,24,340,5.6,10,1.49,-8.64184,125.169394,FALSE,FALSE,,,,16.37266274,,2011
1626,24,529,5.6,10,0.39,-8.647476199,125.1703728,FALSE,FALSE,,,,12.81264688,,2012
1626,24,518,5.6,10,0.46,-8.646864848,125.1708752,FALSE,FALSE,,,,14.54028355,,2013
1626,24,569,5.6,10,0.31,-8.648353643,125.171121,FALSE,FALSE,,,,19.95166119,,2014
1626,24,385,5.6,10,1.41,-8.643073921,125.1684139,FALSE,FALSE,,,,17.85241024,,2015
1626,23,649,5.6,10,0.82,-8.651585557,125.1715263,FALSE,FALSE,,,,16.57737977,,2079
1626,24,631,5.7,10,1.68,-8.652493235,125.1704753,FALSE,FALSE,,,,16.45697256,,2016
1626,24,495,5.6,10,9.56,-8.651959997,125.1670492,FALSE,FALSE,,,,22.94985547,,2017
1626,24,470,5.6,10,1.14,-8.648874031,125.1668452,FALSE,FALSE,,,,24.20448747,,2018
2157,22,892,5.8,3,0.34,-8.660702248,125.1963876,FALSE,FALSE,,,,16.49962293,,2020
2040,22,917,5.6,10,0.65,-8.662738914,125.1996716,FALSE,FALSE,,,,29.70652787,,2021
2157,22,969,5.6,10,0.48,-8.662056839,125.1948055,FALSE,FALSE,,,,11.70232749,,2022
2040,22,733,5.7,10,0.14,-8.663367052,125.2082515,FALSE,FALSE,,,,15.6124876,,2023
2040,22,830,5.6,10,0.4,-8.66277558,125.2053772,FALSE,FALSE,,,,17.77022725,,2024
2040,22,816,5.6,10,0.97,-8.663066512,125.2059209,FALSE,FALSE,,,,16.17928742,,2025
2040,22,777,5.6,10,0.37,-8.661939451,125.2070188,FALSE,FALSE,,,,25.51422816,,2026
2040,22,748,5.6,10,0.8,-8.662762709,125.2080612,FALSE,FALSE,,,,12.20911444,,2027
2040,22,762,5.6,10,0.46,-8.661306059,125.2083529,FALSE,FALSE,,,,11.60147911,,2028
2040,22,744,5.6,10,0.34,-8.661141673,125.2089865,FALSE,FALSE,,,,19.19494603,,2029
2040,22,899,5.6,10,1.06,-8.661892459,125.2019422,FALSE,FALSE,,,,30.21480131,,2030
2157,21,951,5.6,10,0.54,-8.663690449,125.1960269,FALSE,FALSE,,,,20.21974544,,2031
2040,22,817,5.8,3,1.12,-8.658843903,125.198433,FALSE,FALSE,,,,16.62232357,,2032
2061,23,680,5.8,3,0.28,-8.646578366,125.309589,FALSE,FALSE,,,,22.81647828,,2035
2061,23,697,5.8,3,0.26,-8.647212347,125.3089846,FALSE,FALSE,,,,8.673406236,,2036
2061,23,614,5.8,3,1.05,-8.641889065,125.308818,FALSE,FALSE,,,,22.12227477,,2037
2061,23,617,5.8,3,0.3,-8.640967573,125.3079372,FALSE,FALSE,,,,8.852001168,,2038
2061,23,680,5.8,3,0.31,-8.645460217,125.3055085,FALSE,FALSE,,,,15.94695129,,2039
2061,22,785,5.8,3,0.04,-8.649334522,125.325555,FALSE,FALSE,,,,30.35227411,,2041
2061,23,507,5.8,3,0.77,-8.635602246,125.3282732,FALSE,FALSE,,,,29.48855998,,2042
2623,22,1018,5.8,3,0.99,-8.654651489,125.3216572,FALSE,FALSE,,,,10.63738892,,2043
2061,23,644,5.8,3,0.34,-8.639297813,125.3222255,FALSE,FALSE,,,,21.47286116,,2044
2061,22,963,5.8,3,0.22,-8.653083296,125.3232152,FALSE,FALSE,,,,17.28636895,,2045
2061,22,899,5.8,3,0.11,-8.652458113,125.3254355,FALSE,FALSE,,,,23.41953835,,2046
2061,23,708,5.8,3,2.86,-8.649860931,125.3076019,FALSE,FALSE,,,,17.80432682,,2047
2061,23,593,5.8,3,0.37,-8.640184174,125.309448,FALSE,FALSE,,,,21.28189169,,2048
2061,25,524,5.8,3,0.9,-8.633186932,125.3059242,FALSE,FALSE,,,,19.04216609,,2049
2061,24,459,5.8,3,0.3,-8.627389906,125.3075613,FALSE,FALSE,,,,22.83380328,,2050
2061,24,482,5.8,3,0.76,-8.629558317,125.3071935,FALSE,FALSE,,,,25.88668848,,2051
2061,24,480,5.8,3,3.24,-8.633537215,125.306663,FALSE,TRUE,,,,25.39828909,,2052
2157,22,966,5.8,3,0.25,-8.664225657,126.6200494,FALSE,TRUE,,,,9.475572993,,1438
2157,22,885,5.8,3,0.39,-8.660495757,125.1847136,FALSE,FALSE,,,,29.73778147,,2055
2157,21,1075,5.8,3,0.16,-8.664038661,125.1872071,FALSE,FALSE,,,,17.88271584,,2056
2157,23,679,5.7,10,1.2,-8.65711265,125.1780628,FALSE,FALSE,,,,25.55150755,,2057
2157,22,975,5.8,3,0.66,-8.661985899,125.185787,FALSE,FALSE,,,,24.55795132,,2058
2157,21,1076,5.8,3,0.79,-8.664210392,125.1866763,FALSE,FALSE,,,,20.53283293,,2059
2157,21,1055,5.6,10,1.36,-8.666926304,125.1880337,FALSE,FALSE,,,,18.49189661,,2060
2157,21,1139,5.6,10,0.43,-8.666057126,125.1839983,FALSE,FALSE,,,,6.915351902,,2061
1638,27,30,7.1,5,1.27,-8.738958573,125.1501274,TRUE,FALSE,,,,3.405922806,,2062
1626,23,447,5.6,10,0.3,-8.649599366,125.1746615,FALSE,FALSE,,,,21.67494084,,2063
1626,23,510,5.6,10,0.42,-8.65143382,125.1740014,FALSE,FALSE,,,,26.23549726,,2064
1626,23,372,5.6,10,0.51,-8.649968137,125.1768913,FALSE,TRUE,,,,17.01462512,,2065
1626,24,426,5.6,10,0.35,-8.644446252,125.1696897,FALSE,FALSE,,,,16.96081384,,2066
2157,23,665,5.7,10,1.27,-8.654179152,125.1720903,FALSE,FALSE,,,,23.18719414,,2068
1626,24,256,5.6,10,3.18,-8.644989774,125.1626788,FALSE,TRUE,,,,20.49642183,,2069
1626,24,343,5.6,10,1.04,-8.639306563,125.1722831,FALSE,FALSE,,,,22.81597145,,2070
2157,21,1014,5.6,10,0.46,-8.666934548,125.1890691,FALSE,FALSE,,,,20.57334244,,2071
2157,22,857,5.8,3,4.45,-8.65919963,125.1875117,FALSE,FALSE,,,,21.45314211,,2072
2157,22,966,5.8,3,0.36,-8.661804941,125.1884692,FALSE,FALSE,,,,28.05092727,,2073
2157,21,1128,5.6,10,0.4,-8.666703304,125.1836916,FALSE,FALSE,,,,16.73199724,,2074
2157,21,1145,5.6,10,0.3,-8.666019249,125.1833134,FALSE,FALSE,,,,12.10901444,,2075
2157,21,1140,5.6,10,0.24,-8.665513805,125.1831008,FALSE,FALSE,,,,9.317820495,,2076
1626,23,656,5.7,10,0.25,-8.653173183,125.1720426,FALSE,FALSE,,,,24.80648748,,2077
1638,27,37,7,3,0.44,-8.734182576,125.1453406,TRUE,FALSE,,,,2.486830687,,2078
1638,26,134,7,3,0.28,-8.710798139,125.1521053,FALSE,FALSE,,,,4.499950697,,2081
1801,26,211,5.6,10,0.44,-8.707216265,125.1588588,FALSE,FALSE,,,,16.97993537,,2082
1801,26,208,5.6,10,0.91,-8.707869964,125.1582825,FALSE,FALSE,,,,20.98013186,,2083
1801,25,198,5.6,10,1.99,-8.703391409,125.1537844,FALSE,FALSE,,,,20.10184067,,2084
1638,27,47,7,3,0.96,-8.731394074,125.1458273,TRUE,FALSE,,,,4.570746448,,2086
1638,27,36,7,3,0.68,-8.734797755,125.1466647,TRUE,TRUE,,,,3.667079861,,2087
1638,27,54,7,3,0.92,-8.730168245,125.1493079,TRUE,FALSE,,,,3.425077091,,2088
2040,22,865,5.6,10,0.45,-8.658286691,125.2056965,FALSE,FALSE,,,,19.25893931,,2090
2040,22,821,5.6,10,1.32,-8.660889935,125.2063723,FALSE,FALSE,,,,21.44021995,,2091
1690,23,605,5.7,10,0.72,-8.65076772,125.2002649,FALSE,FALSE,,,,21.9120104,,2093
1626,23,623,5.6,10,0.57,-8.649784919,125.1713673,FALSE,FALSE,,,,16.65835552,,2095
1626,24,575,5.6,10,0.18,-8.649190387,125.1701675,FALSE,FALSE,,,,12.02869457,,2096
1626,24,438,5.7,10,6.93,-8.653055153,125.1655822,FALSE,TRUE,,,,22.31163136,,2097
1626,24,306,5.6,10,0.38,-8.641242561,125.1665125,FALSE,FALSE,,,,24.18496385,,2098
2157,22,861,5.8,3,1.99,-8.66000202,125.1839818,FALSE,FALSE,,,,28.21979963,,2099
1638,27,88,7,3,0.52,-8.722425282,125.1508869,TRUE,TRUE,,,,10.72225537,,2100
1638,27,86,7,3,1.1,-8.720902208,125.1508955,TRUE,TRUE,,,,8.403317088,,2101
1638,26,139,7,3,1.83,-8.712468401,125.1516854,FALSE,FALSE,,,,16.25441468,,2103
1638,26,120,7,3,1.82,-8.714743571,125.149824,FALSE,FALSE,,,,13.77790301,,2104
1638,27,51,7,3,0.46,-8.73021607,125.1485572,TRUE,FALSE,,,,2.713032084,,2105
1638,27,52,7,3,1.25,-8.728993131,125.1448404,TRUE,FALSE,,,,2.693834125,,2106
1801,26,164,7,3,2.5,-8.709903211,125.1539363,FALSE,FALSE,,,,13.32677255,,2108
1638,27,32,7,3,0.77,-8.733671607,125.1427452,TRUE,FALSE,,,,2.78482646,,2109
1638,27,25,7.1,5,1.88,-8.736800483,125.1422144,TRUE,FALSE,,,,1.6957016,,2110
1638,27,51,7,3,1.73,-8.729022247,125.1455392,TRUE,FALSE,,,,2.420573531,,2111
1801,27,95,7,3,2.26,-8.725510675,125.1550366,TRUE,FALSE,,,,3.274741711,,2112
1638,27,76,7,3,0.85,-8.727155647,125.1500611,TRUE,FALSE,,,,8.095539212,,2114
1638,27,44,7,3,0.79,-8.732760835,125.1469744,TRUE,FALSE,,,,2.776197223,,2116
1638,27,41,7,3,0.37,-8.733609894,125.1468196,TRUE,FALSE,,,,1.915290981,,2117
1801,27,90,7,3,1.22,-8.726249137,125.1551495,TRUE,FALSE,,,,3.608219022,,2118
1801,27,83,7,3,1.35,-8.727707011,125.1544977,TRUE,TRUE,,,,2.63818124,,2119
2040,22,782,5.8,3,0.45,-8.656240595,125.1988153,FALSE,FALSE,,,,24.18089999,,2121
1626,23,692,5.7,10,0.38,-8.651837206,125.1966178,FALSE,FALSE,,,,16.35549673,,2122
1626,23,668,5.7,10,0.34,-8.516322329,126.3186713,FALSE,FALSE,,,,9.866276732,,2867
2040,22,663,5.7,10,0.11,-8.654753913,125.2005911,FALSE,FALSE,,,,23.68151774,,2125
2157,22,810,5.8,3,0.19,-8.654782273,125.1954387,FALSE,FALSE,,,,15.67276992,,2126
2157,21,881,5.6,10,1.72,-8.665672389,125.1979465,FALSE,FALSE,,,,25.92292919,,2127
2157,21,948,5.6,10,0.23,-8.663482931,125.1955077,FALSE,FALSE,,,,19.83840284,,2128
1638,27,29,7,3,0.42,-8.735221725,125.1429788,TRUE,FALSE,,,,2.399005433,,2129
1638,27,30,7,3,0.55,-8.73522089,125.143712,TRUE,FALSE,,,,2.458658731,,2131
1638,27,20,7.1,5,0.48,-8.735669536,125.1389633,TRUE,FALSE,,,,2.026658105,,2132
1638,27,26,7,3,0.37,-8.735856493,125.1429004,TRUE,FALSE,,,,1.549897561,,2133
1638,27,27,7,3,0.49,-8.735588051,125.1417591,TRUE,FALSE,,,,2.832600677,,2134
2157,22,684,5.8,3,4.96,-8.656182458,125.1839612,FALSE,TRUE,,,,28.79740734,,2135
2157,22,974,5.8,3,1.79,-8.661516585,125.1869408,FALSE,FALSE,,,,24.50711444,,2136
2157,21,1068,5.6,10,1.93,-8.668901217,125.1866103,FALSE,FALSE,,,,17.09051216,,2138
1638,27,52,7,3,2.07,-8.735608794,125.1514796,TRUE,FALSE,,,,3.812297832,,2139
1801,27,129,7,3,2.16,-8.718970561,125.1566636,FALSE,FALSE,,,,3.50413672,,2142
1801,27,99,7,3,2.53,-8.724546756,125.1553635,TRUE,TRUE,,,,3.556807818,,2144
1638,27,44,7,3,1.22,-8.730852171,125.1439352,TRUE,FALSE,,,,3.051317177,,2146
2009,22,833,8.2,3,2.05,-8.629152056,125.3797972,FALSE,FALSE,,,,30.88247069,,2147
2009,23,619,8.2,3,1.09,-8.622859351,125.3755469,FALSE,FALSE,,,,27.10094343,,2148
2009,23,692,8.2,3,1.5,-8.62585772,125.3775241,FALSE,FALSE,,,,22.8963774,,2149
2009,23,728,8.2,3,0.51,-8.622639765,125.377919,FALSE,FALSE,,,,17.95362996,,2150
2009,20,1200,5.8,3,0.38,-8.645538636,125.3691989,FALSE,FALSE,,,,20.81619813,,2154
2009,21,1083,5.8,3,0.74,-8.644118408,125.3646406,FALSE,FALSE,,,,30.48968493,,2156
2009,22,894,5.8,3,0.44,-8.629231013,125.3625582,FALSE,FALSE,,,,13.83297647,,2157
2009,22,808,5.8,3,0.39,-8.628275377,125.3600915,FALSE,FALSE,,,,20.83529886,,2161
2009,23,773,5.8,3,1.03,-8.626658721,125.3587192,FALSE,FALSE,,,,19.93476944,,2162
2009,22,784,5.8,3,0.42,-8.628316969,125.3593261,FALSE,FALSE,,,,25.38981262,,2163
2009,22,747,5.8,3,0.29,-8.629251379,125.3592311,FALSE,FALSE,,,,26.90330277,,2164
2009,22,780,5.8,3,0.37,-8.629184471,125.3600665,FALSE,FALSE,,,,25.41680808,,2165
2009,22,852,5.8,3,0.89,-8.628609615,125.3613534,FALSE,FALSE,,,,17.86191567,,2166
2009,23,752,5.8,3,1.3,-8.62395831,125.3602636,FALSE,FALSE,,,,21.42866062,,2167
2009,23,538,8.2,3,0.44,-8.620436078,125.3656676,FALSE,FALSE,,,,22.36402581,,2169
2009,23,460,8.2,3,0.94,-8.619316952,125.3628927,FALSE,TRUE,,,,22.24259853,,2170
2009,23,504,8.2,3,0.7,-8.620282937,125.3632478,FALSE,TRUE,,,,24.26090464,,2171
2009,21,1003,5.8,3,1.31,-8.642687588,125.3645085,FALSE,FALSE,,,,22.85868363,,2172
2009,21,1020,5.8,3,0.63,-8.643008823,125.3632641,FALSE,FALSE,,,,17.40141486,,2173
2009,21,1020,5.8,3,0.09,-8.643057888,125.3635733,FALSE,FALSE,,,,13.68773127,,2174
2009,22,1007,5.8,3,0.69,-8.634439263,125.3678152,FALSE,FALSE,,,,31.3225622,,2175
2009,22,927,8.2,3,0.8,-8.633139743,125.3688187,FALSE,FALSE,,,,21.6886901,,2176
2009,22,931,8.2,3,2.03,-8.633143168,125.3733141,FALSE,FALSE,,,,33.64560672,,2177
2009,22,966,5.8,3,0.42,-8.633056447,125.3700665,FALSE,FALSE,,,,18.79380137,,2178
2009,21,1079,5.8,3,0.27,-8.636858568,125.3663423,FALSE,FALSE,,,,14.35872396,,2179
2009,21,1074,5.8,3,0.41,-8.636555236,125.3659957,FALSE,FALSE,,,,17.98843527,,2180
2009,21,1043,5.8,3,0.31,-8.637858999,125.3659821,FALSE,FALSE,,,,24.42975626,,2181
2009,21,989,5.8,3,1.6,-8.639748379,125.3660897,FALSE,FALSE,,,,25.73217978,,2182
2009,21,1118,5.8,3,1.52,-8.636523365,125.3701941,FALSE,FALSE,,,,24.80122023,,2183
2009,22,1075,5.8,3,3.47,-8.635630751,125.3696904,FALSE,FALSE,,,,28.72677593,,2184
2009,21,1176,5.8,3,2.34,-8.63718758,125.3710987,FALSE,FALSE,,,,28.17499967,,2185
2009,22,912,8.2,3,0.48,-8.63273118,125.3689315,FALSE,FALSE,,,,19.44890567,,2187
2009,22,965,5.8,3,1.04,-8.633806807,125.3685792,FALSE,FALSE,,,,27.32280069,,2188
2009,22,803,5.8,3,0.41,-8.626936722,125.3598295,FALSE,FALSE,,,,14.62059605,,2189
1579,23,696,7.9,12,1.71,-8.555092459,126.3291988,FALSE,FALSE,,,,9.815602341,,2578
1560,24,715,6.7,12,1.62,-8.571008132,126.3532357,FALSE,FALSE,,,,3.211178921,,2579
1579,24,746,6.7,12,4.39,-8.558311867,126.3430448,FALSE,FALSE,,,,3.715885556,,2580
1415,25,567,6.7,12,0.28,-8.502210785,126.3844463,FALSE,FALSE,,,,5.380664113,,2581
1872,22,748,7,12,0.89,-8.675861651,126.3120961,FALSE,FALSE,,,,8.284899699,,2582
1872,23,760,7,12,8.44,-8.669916469,126.3156897,FALSE,FALSE,,,,8.426001033,,2583
1872,23,653,5.9,3,3.4,-8.670122376,126.3091676,FALSE,FALSE,,,,14.06651922,,2584
1433,24,630,6.7,12,2.44,-8.503963573,126.3569731,FALSE,FALSE,,,,6.689351969,,2585
1415,24,544,6.7,12,0.16,-8.498137057,126.3539164,FALSE,FALSE,,,,5.481177343,,2586
1309,25,414,7.9,12,1.07,-8.491540471,126.3408003,FALSE,FALSE,,,,8.552318313,,2587
1706,23,842,6.2,12,0.81,-8.652024043,126.4025383,FALSE,FALSE,,,,16.31056986,,2588
1716,23,836,6.2,12,1.09,-8.651259617,126.4016423,FALSE,FALSE,,,,15.67146214,,2589
1433,24,606,6.7,12,2.61,-8.504661393,126.3538162,FALSE,FALSE,,,,9.044099653,,2590
1415,25,491,6.7,12,10.24,-8.479631353,126.3704079,FALSE,FALSE,,,,3.824962464,,2591
1415,25,460,6.7,12,2.5,-8.477532742,126.3672973,FALSE,FALSE,,,,8.005076365,,2592
1433,24,588,6.7,12,0.42,-8.503704266,126.3526766,FALSE,FALSE,,,,10.35807523,,2593
1415,26,489,6.7,12,0.83,-8.469436068,126.3837365,FALSE,FALSE,,,,2.140566683,,2594
1579,23,601,7.9,12,0.41,-8.57092315,126.3233363,FALSE,FALSE,,,,10.97080828,,2595
1579,23,644,7.9,12,1.25,-8.569547552,126.3253662,FALSE,FALSE,,,,9.468427618,,2596
1560,24,663,6.7,12,19.56,-8.549585792,126.3714152,FALSE,FALSE,,,,2.806581712,,2597
1433,24,654,6.7,12,20.25,-8.544507061,126.3721976,FALSE,FALSE,,,,3.103483457,,2598
1560,24,664,6.7,12,24.99,-8.551998057,126.3739346,FALSE,FALSE,,,,3.064058721,,2599
1560,24,675,6.7,12,1.46,-8.553204714,126.369825,FALSE,FALSE,,,,2.846157106,,2600
1560,24,673,6.7,12,3.94,-8.558028074,126.3712411,FALSE,FALSE,,,,3.394682813,,2601
1560,24,672,6.7,12,3.1,-8.556006165,126.3711339,FALSE,FALSE,,,,3.479719468,,2602
1560,24,678,6.7,12,2.76,-8.553349821,126.3674357,FALSE,FALSE,,,,3.423357809,,2603
1871,23,702,7,12,1.38,-8.654446153,126.3922586,FALSE,FALSE,,,,19.91375663,,2604
1872,22,675,7,12,1.07,-8.656856608,126.3102245,FALSE,FALSE,,,,11.58182215,,2605
1872,22,656,7,12,0.68,-8.657683287,126.3100693,FALSE,FALSE,,,,8.502807866,,2606
1872,22,677,7,12,1.21,-8.65718672,126.3115358,FALSE,FALSE,,,,13.33225322,,2607
1872,22,726,7,12,1.55,-8.65850671,126.3159882,FALSE,FALSE,,,,16.289242,,2608
1872,22,746,5.9,3,1.23,-8.656445319,126.3164654,FALSE,FALSE,,,,17.93383079,,2609
1872,22,749,5.9,3,3.5,-8.658007722,126.3170345,FALSE,FALSE,,,,14.74529802,,2610
1872,22,700,7,12,1.68,-8.658328149,126.3145562,FALSE,FALSE,,,,14.64492844,,2611
1872,22,711,5.9,3,2.88,-8.656854062,126.3148023,FALSE,FALSE,,,,13.57474177,,2612
1560,24,677,6.7,12,5.65,-8.5570666,126.3678587,FALSE,FALSE,,,,2.394600037,,2614
1560,24,663,6.7,12,3.08,-8.556340262,126.3763178,FALSE,FALSE,,,,3.495684417,,2615
1433,24,666,6.7,12,2.77,-8.545041468,126.3690837,FALSE,FALSE,,,,3.124074407,,2616
1871,22,720,7.9,12,0.84,-8.662746595,126.3864396,FALSE,FALSE,,,,10.88116311,,2617
1725,23,741,7,12,0.74,-8.647819168,126.3909361,FALSE,FALSE,,,,12.10586066,,2618
1872,22,718,7,12,0.83,-8.656090365,126.3117564,FALSE,FALSE,,,,21.12697331,,2619
1706,23,821,6.2,12,1.13,-8.652736001,126.4023601,FALSE,FALSE,,,,14.07043776,,2620
1725,23,790,7,12,1.95,-8.650878469,126.3975752,FALSE,FALSE,,,,19.37496114,,2621
1872,22,720,5.9,10,1.87,-8.654941048,126.3087616,FALSE,FALSE,,,,21.69103469,,2622
1872,22,659,7,12,1.16,-8.657405512,126.305694,FALSE,FALSE,,,,9.862530756,,2623
1737,23,659,5.9,10,1.75,-8.657841045,126.3020128,FALSE,FALSE,,,,9.358104304,,2624
1579,23,742,7.9,12,0.44,-8.577872217,126.3389283,FALSE,FALSE,,,,5.216453627,,2625
1560,24,689,6.7,12,3.84,-8.551824394,126.3643433,FALSE,FALSE,,,,2.495999732,,2626
1706,23,774,6.2,8,0.04,-8.640118009,126.4205883,FALSE,FALSE,,,,13.94072561,,2627
1491,24,394,7.4,8,5.03,-8.594025532,126.2760326,FALSE,TRUE,,,,8.198660177,,2628
1491,24,379,7.4,8,3.39,-8.594826791,126.2739544,FALSE,FALSE,,,,8.199866554,,2629
1491,24,502,6.9,3,1.31,-8.586251404,126.2664764,FALSE,FALSE,,,,14.29620206,,2630
1491,25,421,7.4,8,2.69,-8.592980699,126.2642301,FALSE,FALSE,,,,9.670160718,,2631
1706,23,833,6.2,8,0.76,-8.64347133,126.4090754,FALSE,FALSE,,,,14.61881936,,2632
1706,23,844,6.2,12,0.6,-8.644605132,126.4095885,FALSE,FALSE,,,,22.7717101,,2633
1725,23,807,5.9,3,0.46,-8.653281298,126.4016747,FALSE,FALSE,,,,9.043262592,,2634
1433,24,646,6.7,12,4.59,-8.518608186,126.3568184,FALSE,FALSE,,,,2.053373426,,2635
1433,24,647,6.7,12,2.52,-8.519400846,126.3542133,FALSE,FALSE,,,,2.935762079,,2636
1433,24,643,6.7,12,2.07,-8.520874909,126.363518,FALSE,FALSE,,,,2.056980117,,2637
1491,24,466,7.4,8,2.68,-8.588842018,126.2826367,FALSE,FALSE,,,,13.43466348,,2638
1433,24,655,6.7,12,6.17,-8.529620505,126.3661223,FALSE,FALSE,,,,2.300272315,,2639
1854,22,661,6.2,12,0.24,-8.666044891,126.4057836,FALSE,FALSE,,,,11.69357759,,2640
1854,22,689,6.2,12,0.11,-8.66653402,126.4046393,FALSE,FALSE,,,,16.25629816,,2641
1560,24,674,6.7,12,12.57,-8.548112959,126.3677442,FALSE,FALSE,,,,2.704194005,,2642
1560,24,696,6.7,12,5.13,-8.563431544,126.3681376,FALSE,FALSE,,,,2.847772173,,2643
1560,24,695,6.7,12,8.03,-8.566580754,126.3665091,FALSE,FALSE,,,,2.420805085,,2644
1560,24,646,6.7,12,0.57,-8.565866886,126.3796431,FALSE,FALSE,,,,4.634127247,,2645
1560,24,674,6.7,12,11.05,-8.559196425,126.3751495,FALSE,FALSE,,,,2.522653524,,2646
1560,24,669,6.7,12,1.66,-8.562153194,126.3780102,FALSE,FALSE,,,,2.526697267,,2647
1560,24,690,6.7,12,4.99,-8.564358783,126.3727828,FALSE,FALSE,,,,3.133891594,,2648
1560,24,696,6.7,12,3.22,-8.571047828,126.3676962,FALSE,FALSE,,,,2.608697647,,2649
1479,24,546,7.9,12,1.64,-8.504541869,126.3419023,FALSE,FALSE,,,,7.213911755,,2651
1491,24,487,6.9,3,0.42,-8.585017418,126.2677279,FALSE,FALSE,,,,10.66551091,,2652
1491,24,477,6.9,3,2.2,-8.583107335,126.2683285,FALSE,FALSE,,,,13.12973305,,2653
1491,24,467,6.9,3,1.66,-8.584317686,126.266827,FALSE,FALSE,,,,12.3608556,,2654
1579,24,507,7.4,8,0.34,-8.586410995,126.3139745,FALSE,FALSE,,,,6.636732272,,2655
1491,24,485,6.9,3,1.85,-8.584277872,126.268229,FALSE,FALSE,,,,14.28191352,,2656
1854,22,684,6.2,12,0.4,-8.664808622,126.4031644,FALSE,FALSE,,,,6.86751859,,2657
1433,24,621,6.7,12,1.42,-8.506802126,126.3620699,FALSE,FALSE,,,,3.598362662,,2658
1560,24,683,6.7,12,3.59,-8.549131179,126.3648669,FALSE,FALSE,,,,3.256890485,,2659
1560,24,685,6.7,12,2.5,-8.550797996,126.365412,FALSE,FALSE,,,,2.293723816,,2660
1560,24,689,6.7,12,1.47,-8.550490443,126.3639778,FALSE,FALSE,,,,2.901722937,,2661
1872,23,714,5.9,3,13.78,-8.669260917,126.3126412,FALSE,FALSE,,,,12.62229746,,2662
1579,23,753,6.7,12,1.99,-8.56629938,126.3419517,FALSE,FALSE,,,,2.422114131,,2663
1579,23,686,7.9,4,1.09,-8.561078887,126.3279658,FALSE,FALSE,,,,8.907304674,,2664
1579,23,744,6.7,12,0.29,-8.574733759,126.3419703,FALSE,FALSE,,,,10.08299321,,2665
1579,23,728,7.9,12,0.82,-8.581008141,126.3391685,FALSE,FALSE,,,,8.897215454,,2666
1579,23,747,6.7,12,0.8,-8.573102646,126.3419953,FALSE,FALSE,,,,6.830826695,,2667
1872,22,602,7,12,2.11,-8.660743064,126.3050206,FALSE,FALSE,,,,10.75911465,,2668
1854,22,664,6.2,12,0.28,-8.66519148,126.4054635,FALSE,FALSE,,,,8.156524777,,2669
1433,24,644,6.7,12,5.02,-8.52153859,126.365067,FALSE,FALSE,,,,2.812372255,,2670
1560,24,668,6.7,12,1.27,-8.561678129,126.3774988,FALSE,FALSE,,,,2.425249144,,2671
1415,24,496,6.7,12,0.49,-8.493702824,126.3513828,FALSE,FALSE,,,,11.73658394,,2672
1433,24,631,6.7,12,1.37,-8.510604665,126.3556213,FALSE,FALSE,,,,2.853934519,,2673
1209,26,420,6.7,12,2.75,-8.479678662,126.3338606,FALSE,FALSE,,,,8.078711588,,2693
1433,24,644,6.7,12,1.34,-8.509283629,126.3546774,FALSE,FALSE,,,,6.973838643,,2679
1479,23,625,7.9,12,0.63,-8.516809286,126.3426334,FALSE,FALSE,,,,4.366196601,,2681
1415,24,527,6.7,12,0.41,-8.494982407,126.3538433,FALSE,FALSE,,,,6.900529042,,2683
1433,25,571,6.7,12,0.44,-8.503149114,126.3852885,FALSE,FALSE,,,,5.215034989,,2684
1415,24,542,6.7,12,0.87,-8.495488768,126.364611,FALSE,FALSE,,,,8.648993184,,2685
1415,25,562,6.7,12,1.01,-8.502195872,126.3853007,FALSE,FALSE,,,,4.654530571,,2686
1415,24,562,6.7,12,0.27,-8.497193954,126.3635881,FALSE,FALSE,,,,5.376924557,,2688
1433,24,640,6.7,12,2.53,-8.526402182,126.3692704,FALSE,FALSE,,,,2.058330858,,2691
1309,25,296,6.7,12,0.9,-8.480343447,126.3322668,FALSE,FALSE,,,,4.982171621,,2904
1479,24,681,6.7,12,0.48,-8.531282312,126.3334675,FALSE,FALSE,,,,8.527875457,,2692
1579,23,692,7.9,12,0.71,-8.558855231,126.3297832,FALSE,FALSE,,,,11.68869297,,2694
1309,25,441,7.9,12,0.78,-8.49049221,126.3472903,FALSE,FALSE,,,,6.038478747,,2696
1479,23,652,7.9,12,2.71,-8.52639479,126.3353528,FALSE,TRUE,,,,4.36305757,,2698
1209,26,421,6.7,12,1.99,-8.441926476,126.3850394,FALSE,FALSE,,,,2.873904218,,2699
1415,25,541,6.7,12,2.27,-8.49988554,126.394496,FALSE,FALSE,,,,2.751154175,,2700
1433,24,623,6.7,12,3.05,-8.527346171,126.3767812,FALSE,FALSE,,,,2.741195716,,2701
1415,26,428,6.7,12,0.59,-8.450320026,126.3861445,FALSE,FALSE,,,,3.016560843,,2702
1415,26,432,6.7,12,0.98,-8.452773732,126.3869265,FALSE,FALSE,,,,3.932543457,,2703
1209,26,426,6.7,12,15.97,-8.447252556,126.3852032,FALSE,FALSE,,,,3.943870249,,2704
1424,25,568,6.7,12,0.53,-8.502745647,126.3848128,FALSE,FALSE,,,,5.514279333,,2705
1415,26,508,6.7,12,0.68,-8.4760261,126.3845707,FALSE,FALSE,,,,2.590300216,,2706
1579,23,657,7.9,12,0.57,-8.555896305,126.3215507,FALSE,FALSE,,,,9.898450436,,2707
1309,25,434,7.9,12,0.44,-8.490903204,126.3464552,FALSE,FALSE,,,,6.63377466,,2708
1415,26,430,6.7,12,2.01,-8.453615764,126.3856007,FALSE,FALSE,,,,3.489709077,,2709
1415,26,355,6.7,12,1.28,-8.45169766,126.3755678,FALSE,FALSE,,,,8.127298952,,2710
1209,26,431,6.7,12,0.69,-8.443925837,126.3872794,FALSE,FALSE,,,,5.813076286,,2711
1706,23,869,6.2,12,0.73,-8.647302271,126.4028205,FALSE,FALSE,,,,10.23479044,,2712
1725,23,831,7,12,0.27,-8.646553621,126.3986804,FALSE,FALSE,,,,15.34416519,,2713
1871,23,651,7,12,0.43,-8.655165456,126.4016791,FALSE,FALSE,,,,16.45436354,,3194
1725,23,830,6.2,12,1.64,-8.64871792,126.4003726,FALSE,FALSE,,,,16.08034325,,2715
1579,23,751,6.7,12,0.67,-8.567615231,126.3431928,FALSE,FALSE,,,,3.673079663,,2716
1725,23,827,7,12,0.08,-8.64649112,126.3982296,FALSE,FALSE,,,,17.24189272,,2717
1479,23,596,7.9,12,0.68,-8.52035493,126.3394083,FALSE,FALSE,,,,9.557255658,,2718
1433,24,650,6.7,12,0.24,-8.506556225,126.3523207,FALSE,FALSE,,,,13.02932188,,2719
1433,24,634,6.7,12,0.29,-8.512294996,126.3551775,FALSE,FALSE,,,,2.366621951,,2720
1725,23,798,7,12,0.88,-8.647278136,126.3976397,FALSE,FALSE,,,,15.68848657,,2721
1571,25,313,7.4,8,1.41,-8.768357968,126.5294178,FALSE,FALSE,,,,12.21676084,,1096
1579,23,708,7.9,12,1.68,-8.576241527,126.3333354,FALSE,FALSE,,,,15.06997357,,2725
1491,24,435,7.4,8,0.97,-8.589377051,126.2643078,FALSE,FALSE,,,,15.55608368,,2726
1579,23,594,7.4,8,2.56,-8.56293149,126.3206015,FALSE,FALSE,,,,12.23939199,,2727
1579,23,655,7.9,12,0.96,-8.56387547,126.3247891,FALSE,FALSE,,,,6.307289102,,2728
1579,23,660,7.9,12,0.72,-8.560501553,126.3262885,FALSE,FALSE,,,,5.143071258,,2729
1579,23,646,7.9,12,1.01,-8.56111253,126.3237135,FALSE,FALSE,,,,9.776882108,,2730
1579,23,751,6.7,12,1.31,-8.564147424,126.3359128,FALSE,TRUE,,,,3.98188984,,2731
1579,23,591,7.9,12,0.89,-8.567481473,126.3214611,FALSE,FALSE,,,,11.49107169,,2732
1579,23,619,7.9,12,2.6,-8.56555462,126.3229086,FALSE,FALSE,,,,8.682286868,,2733
1579,23,635,7.9,12,1.94,-8.564161322,126.3230722,FALSE,FALSE,,,,8.476801814,,2734
1579,24,551,8.2,4,2.5,-8.568650038,126.3194346,FALSE,FALSE,,,,9.001106684,,2735
1579,23,751,6.7,12,0.43,-8.564009913,126.3350823,FALSE,TRUE,,,,4.329126272,,2736
1579,23,749,7.9,12,9.44,-8.565253977,126.3310327,FALSE,FALSE,,,,9.186369828,,2737
1579,23,657,7.9,12,0.67,-8.561716497,126.324265,FALSE,FALSE,,,,4.815867259,,2738
1579,23,629,7.9,12,3.39,-8.562774533,126.3225893,FALSE,FALSE,,,,10.01047713,,2739
1579,23,599,7.9,12,1.33,-8.568584333,126.3221672,FALSE,FALSE,,,,12.97500545,,2740
1579,23,698,7.9,12,1.17,-8.561792839,126.3289874,FALSE,FALSE,,,,6.753097724,,2741
1579,23,753,6.7,12,1.69,-8.568024432,126.3371155,FALSE,FALSE,,,,4.375469771,,2742
1854,22,828,7,12,1.65,-8.690927474,126.4109758,FALSE,FALSE,,,,10.29163658,,2743
1854,21,875,6.2,12,2.73,-8.687696975,126.4084427,FALSE,FALSE,,,,9.505278801,,2744
1872,22,802,7,12,1.08,-8.668707524,126.3230428,FALSE,FALSE,,,,8.13441726,,2745
1706,23,566,7.4,8,2.45,-8.628542205,126.4357431,FALSE,FALSE,,,,15.45318987,,2746
1854,24,448,6,5,3.45,-8.666785999,126.4297114,FALSE,FALSE,,,,23.84885028,,2747
1579,23,637,7.9,12,1.2,-8.561937124,126.3231421,FALSE,FALSE,,,,9.501656058,,2748
1725,23,815,5.9,3,0.87,-8.652213636,126.4014921,FALSE,FALSE,,,,10.49001889,,2749
1706,23,830,6.2,12,0.42,-8.636878338,126.4084908,FALSE,FALSE,,,,12.11161419,,2750
1725,23,744,7.4,8,0.25,-8.635534079,126.3729084,FALSE,FALSE,,,,14.77619446,,2751
1209,26,409,6.7,12,0.18,-8.441507289,126.3912865,FALSE,FALSE,,,,3.803384864,,2752
1415,26,490,6.7,12,0.28,-8.462037676,126.3898948,FALSE,FALSE,,,,3.25103357,,2753
1706,23,855,6.2,12,2.19,-8.629490082,126.4257159,FALSE,FALSE,,,,27.62667502,,2754
1706,24,522,7.4,8,0.08,-8.628402541,126.438621,FALSE,FALSE,,,,12.36627732,,2755
1415,25,509,6.7,12,2.2,-8.482750785,126.3771431,FALSE,FALSE,,,,1.766836079,,2756
1456,23,660,6.7,12,1.13,-8.520846751,126.3478841,FALSE,FALSE,,,,2.273248847,,2757
1479,23,680,6.7,12,1.35,-8.52934705,126.3468994,FALSE,FALSE,,,,2.70172376,,2758
1871,22,836,6.7,12,1.69,-8.656132565,126.364282,FALSE,FALSE,,,,4.104750855,,2760
1871,22,840,6.7,12,1.19,-8.656007134,126.3634157,FALSE,FALSE,,,,7.090373038,,2761
1415,25,506,6.7,12,2.95,-8.482451642,126.3752524,FALSE,FALSE,,,,2.824248884,,2762
1415,26,516,6.7,12,0.61,-8.479776362,126.3845753,FALSE,FALSE,,,,2.19664136,,2763
1415,26,349,6.7,12,0.4,-8.451779566,126.3751864,FALSE,FALSE,,,,4.933320572,,2764
1285,26,465,6.7,12,0.54,-8.443678195,126.4173556,FALSE,FALSE,,,,3.095457569,,2765
1285,26,480,6.7,12,1.28,-8.446194569,126.4138523,FALSE,FALSE,,,,4.099014232,,2766
1560,24,665,6.7,12,0.82,-8.568829056,126.3761603,FALSE,FALSE,,,,7.128465005,,2767
1560,24,658,6.7,12,1.04,-8.576976377,126.3805397,FALSE,FALSE,,,,6.747283306,,2768
1560,24,697,6.7,12,1.74,-8.564383644,126.3618834,FALSE,FALSE,,,,2.321887397,,2769
1560,24,699,6.7,12,1.02,-8.563853056,126.3607657,FALSE,FALSE,,,,1.492319098,,2770
1433,24,642,6.7,12,1.09,-8.517107319,126.3544504,FALSE,FALSE,,,,1.366338708,,2771
1433,24,699,6.7,12,1.93,-8.546692151,126.3531754,FALSE,FALSE,,,,1.722225822,,2773
1433,24,700,6.7,12,0.52,-8.546586755,126.3538694,FALSE,FALSE,,,,2.063422408,,2774
1560,24,699,6.7,12,0.88,-8.547390462,126.3544443,FALSE,FALSE,,,,1.92569602,,2775
1433,24,685,6.7,12,1.92,-8.543653557,126.3558584,FALSE,FALSE,,,,2.10815132,,2776
1871,23,755,7.4,8,0.21,-8.658961337,126.3497238,FALSE,FALSE,,,,8.749519003,,2778
1871,23,781,7.4,8,2.11,-8.656471953,126.3548674,FALSE,FALSE,,,,15.80666932,,2779
1854,22,790,7,12,0.72,-8.686793646,126.414207,FALSE,FALSE,,,,9.162113842,,2780
1854,22,751,7.4,8,1.13,-8.694506164,126.4178351,FALSE,FALSE,,,,8.763823908,,2781
1854,22,743,7.4,8,3.05,-8.693368485,126.4166804,FALSE,FALSE,,,,7.174516605,,2782
1854,21,870,7,12,1.45,-8.6808541,126.4097967,FALSE,FALSE,,,,7.081689024,,2783
1854,23,700,7.4,8,3.6,-8.689010969,126.4212159,FALSE,FALSE,,,,14.74893381,,2784
1854,22,703,7,12,0.16,-8.683492178,126.4183051,FALSE,FALSE,,,,3.488620593,,2785
1706,23,843,6.2,12,2.78,-8.629775672,126.4245803,FALSE,FALSE,,,,23.45604396,,2786
1854,23,614,6.2,12,1.7,-8.673390945,126.4204162,FALSE,FALSE,,,,22.84780436,,2787
1479,24,687,6.7,12,1.2,-8.532740331,126.345119,FALSE,FALSE,,,,1.960222161,,2788
1854,24,501,6,5,3.32,-8.667444208,126.4281921,FALSE,FALSE,,,,13.25429619,,2789
1854,23,577,6.2,12,0.43,-8.672669221,126.4206888,FALSE,FALSE,,,,22.19647892,,2790
1854,23,617,6.2,12,0.39,-8.67183549,126.4186858,FALSE,FALSE,,,,28.75547083,,2791
1854,23,597,6.2,12,0.84,-8.672675836,126.419499,FALSE,FALSE,,,,14.51989521,,2792
1854,23,634,6.2,12,1.89,-8.673191942,126.4185531,FALSE,FALSE,,,,15.47821219,,2793
1209,26,409,6.7,12,1.31,-8.441918154,126.3917352,FALSE,FALSE,,,,4.107246965,,2794
1209,26,418,6.7,12,4.22,-8.440501618,126.390457,FALSE,FALSE,,,,7.069355102,,2795
1415,25,506,6.7,12,0.99,-8.488753159,126.3679983,FALSE,FALSE,,,,2.489828153,,2796
1433,24,621,6.7,12,1.94,-8.528517583,126.3790055,FALSE,FALSE,,,,2.144073623,,2797
1285,26,386,6.7,12,2.67,-8.436156411,126.4181408,FALSE,FALSE,,,,3.232919364,,2798
1285,27,379,6.7,12,3.14,-8.435292457,126.4203158,FALSE,FALSE,,,,8.675430289,,2799
1285,27,381,6.7,12,2.22,-8.4363147,126.4205642,FALSE,FALSE,,,,5.21451784,,2800
1285,26,389,6.7,12,0.56,-8.436954687,126.4186758,FALSE,FALSE,,,,4.995768557,,2801
1285,26,387,6.7,12,0.85,-8.436746099,126.4194462,FALSE,FALSE,,,,3.16798755,,2802
1285,26,398,6.7,12,0.11,-8.43757334,126.4186178,FALSE,FALSE,,,,7.600865499,,2803
1579,23,734,7.9,12,0.42,-8.575440045,126.3332136,FALSE,FALSE,,,,18.35641244,,2804
1491,24,411,7.4,8,1.7,-8.592771675,126.2746282,FALSE,FALSE,,,,7.587055343,,2805
1579,23,674,7.9,12,0.3,-8.577865403,126.3300201,FALSE,FALSE,,,,8.294664469,,2806
1579,24,599,7.4,8,8.02,-8.565005309,126.320157,FALSE,FALSE,,,,9.540389681,,2807
1579,23,574,7.4,8,0.69,-8.582287369,126.3215484,FALSE,FALSE,,,,8.393629902,,2808
1491,24,404,7.4,8,0.72,-8.593922052,126.2756648,FALSE,FALSE,,,,6.740713081,,2809
1579,23,572,7.4,8,0.64,-8.584032449,126.3213656,FALSE,FALSE,,,,5.558241725,,2810
1491,25,411,7.4,8,0.54,-8.593015004,126.2764053,FALSE,FALSE,,,,6.888094863,,2811
1579,23,574,7.4,8,0.37,-8.581749503,126.3220608,FALSE,FALSE,,,,6.651370181,,2812
1491,24,401,7.4,8,0.66,-8.59294206,126.271202,FALSE,FALSE,,,,9.524242026,,2813
1415,25,508,6.7,12,3.5,-8.481863261,126.3782367,FALSE,FALSE,,,,2.385872612,,2815
1415,26,492,6.7,12,0.26,-8.463916909,126.3881837,FALSE,FALSE,,,,2.710898006,,2816
1415,25,514,6.7,12,0.86,-8.481565465,126.3808114,FALSE,FALSE,,,,1.937615806,,2817
1433,24,629,6.7,12,29.76,-8.521904906,126.3706452,FALSE,FALSE,,,,2.553552582,,2819
1433,24,644,6.7,12,6.21,-8.525563688,126.3666753,FALSE,FALSE,,,,3.259904147,,2820
1285,26,481,6.7,12,0.67,-8.446120447,126.4151559,FALSE,FALSE,,,,3.072529692,,2821
1285,26,479,6.7,12,7.44,-8.445539403,126.4189264,FALSE,FALSE,,,,4.916978408,,2822
1285,26,467,6.7,12,0.15,-8.443994344,126.4179646,FALSE,FALSE,,,,2.28199306,,2823
1285,26,467,6.7,12,0.34,-8.44426186,126.4177356,FALSE,FALSE,,,,1.996655973,,2824
1491,24,474,6.9,3,1.36,-8.584863837,126.2660363,FALSE,FALSE,,,,11.69504484,,2825
1491,24,399,7.4,8,23.59,-8.582354735,126.2629988,FALSE,FALSE,,,,10.53635056,,2826
1579,24,522,7.4,8,2.39,-8.570590961,126.3181685,FALSE,FALSE,,,,8.856007282,,2828
1415,25,517,6.7,12,1.47,-8.483327298,126.3830208,FALSE,FALSE,,,,1.627399636,,2829
1706,23,866,6.2,12,6.23,-8.630866295,126.4231378,FALSE,FALSE,,,,23.25804036,,2830
1854,24,570,6,5,1.03,-8.670255392,126.4242776,FALSE,FALSE,,,,10.52392206,,2831
1854,24,498,6,5,0.43,-8.66521161,126.4243415,FALSE,FALSE,,,,7.375402208,,2832
1854,24,442,6,5,3.4,-8.662752199,126.4261921,FALSE,FALSE,,,,8.056969578,,2833
1854,23,587,6.2,12,0.6,-8.671616737,126.4237794,FALSE,FALSE,,,,9.420552638,,2834
1854,23,588,6.2,12,0.63,-8.672277211,126.4217923,FALSE,TRUE,,,,18.70469574,,2835
1854,23,649,7.4,8,2.76,-8.692050143,126.4229898,FALSE,FALSE,,,,18.29064557,,2836
1854,23,594,6.2,12,0.37,-8.672226414,126.4223256,FALSE,FALSE,,,,11.59387849,,2837
1854,24,483,6,5,2.78,-8.663986842,126.4233679,FALSE,FALSE,,,,8.647471949,,2838
1725,23,696,7.4,8,1.45,-8.634499126,126.3702834,FALSE,FALSE,,,,13.69330431,,2839
1854,23,682,7,12,1.7,-8.68577674,126.420123,FALSE,TRUE,,,,5.764796354,,2840
1854,23,571,6.2,12,0.27,-8.672393623,126.4213032,FALSE,FALSE,,,,18.38333385,,2842
1854,23,532,6.2,12,0.56,-8.669344598,126.4166161,FALSE,FALSE,,,,20.74553589,,2843
1854,23,572,6.2,12,0.35,-8.671567307,126.4192638,FALSE,FALSE,,,,22.80627332,,2844
1872,22,815,7,12,2.09,-8.670754041,126.322636,FALSE,FALSE,,,,11.22511775,,2845
1854,23,661,7.4,8,3.1,-8.690544924,126.4229883,FALSE,FALSE,,,,15.49546999,,2846
1489,25,288,7.9,12,1.24,-8.590679547,126.4235764,FALSE,FALSE,,,,11.37578311,,2847
1725,23,792,6.2,12,0.6,-8.64988002,126.3978972,FALSE,FALSE,,,,20.50686285,,2848
1706,23,538,7.4,8,2.54,-8.628695616,126.4370953,FALSE,FALSE,,,,11.62046434,,2849
1854,23,659,7,12,1.18,-8.686202745,126.4227566,FALSE,FALSE,,,,8.103240751,,2850
1725,23,722,7,12,8.22,-8.652179834,126.3964189,FALSE,FALSE,,,,19.61487079,,2851
1854,22,750,7,12,2.16,-8.687430189,126.4159949,FALSE,FALSE,,,,13.60196376,,2852
1854,22,705,7,12,0.22,-8.685786146,126.4181852,FALSE,FALSE,,,,8.479917708,,2853
1489,25,246,7.9,12,6.37,-8.590701568,126.427534,FALSE,FALSE,,,,11.08785391,,2854
1706,23,740,6.2,12,2.24,-8.632019816,126.4265973,FALSE,FALSE,,,,14.58403827,,2855
1579,24,513,7.4,8,0.66,-8.592059705,126.3079372,FALSE,FALSE,,,,9.953478749,,2856
1579,24,516,7.4,8,0.62,-8.592970782,126.3076723,FALSE,FALSE,,,,8.87497451,,2857
1491,25,479,7.4,8,1.78,-8.5971233,126.3031053,FALSE,FALSE,,,,9.666819246,,2858
1629,24,334,7.4,8,3.1,-8.607003664,126.3086823,FALSE,TRUE,,,,7.987950529,,2860
1706,23,843,6.2,8,2.03,-8.634276773,126.4213905,FALSE,FALSE,,,,13.27272788,,2861
1706,23,887,6.2,12,0.16,-8.634227704,126.4182392,FALSE,FALSE,,,,21.33072004,,2862
1706,23,847,6.2,12,0.28,-8.638911833,126.4070172,FALSE,FALSE,,,,11.58318707,,2863
1725,23,830,6.2,12,0.58,-8.647485745,126.3988323,FALSE,FALSE,,,,15.17933007,,2864
1725,23,806,5.9,12,0.7,-8.649666383,126.3988262,FALSE,FALSE,,,,17.60222114,,2865
1725,23,802,6.2,12,0.28,-8.649026467,126.399054,FALSE,FALSE,,,,7.578528082,,2866
1479,25,491,7.9,12,0.85,-8.838915471,126.510613,TRUE,FALSE,,,,9.549701361,,704
1479,25,514,7.9,12,1.04,-8.518163174,126.3173136,FALSE,FALSE,,,,8.117901672,,2868
1479,25,512,7.9,12,1.21,-8.517992087,126.3192778,FALSE,FALSE,,,,10.64511794,,2869
1479,25,489,7.4,8,0.68,-8.517090914,126.3157405,FALSE,FALSE,,,,7.720040524,,2870
1479,25,495,7.4,8,1.6,-8.517800972,126.3201375,FALSE,FALSE,,,,13.03242467,,2871
1209,26,317,6.7,12,1.24,-8.440973635,126.3669291,FALSE,FALSE,,,,6.334695878,,2876
1725,23,728,7,12,0.9,-8.649882292,126.3954512,FALSE,FALSE,,,,10.57073518,,2877
1854,23,759,5.9,3,0.84,-8.658349754,126.4031283,FALSE,FALSE,,,,9.162732509,,2878
1725,23,769,6.7,12,0.74,-8.647860291,126.395747,FALSE,FALSE,,,,10.13486967,,2879
1725,23,774,7,12,1.05,-8.6478856,126.3965392,FALSE,FALSE,,,,10.77194862,,2880
1725,23,795,7,12,0.58,-8.646896734,126.397073,FALSE,FALSE,,,,9.273598852,,2881
1725,23,797,7,12,0.61,-8.64796883,126.3978692,FALSE,FALSE,,,,13.60844111,,2882
1209,26,382,6.7,12,0.2,-8.442728279,126.3700823,FALSE,FALSE,,,,2.958742798,,2883
1209,27,312,6.7,12,0.43,-8.438915828,126.3664126,FALSE,FALSE,,,,2.875826537,,2885
1415,24,535,6.7,12,0.58,-8.494512939,126.3613797,FALSE,FALSE,,,,4.482777311,,2886
1415,24,538,6.7,12,1.28,-8.494985904,126.3631665,FALSE,FALSE,,,,5.911260601,,2887
1209,27,300,6.7,12,1.44,-8.439294539,126.3651758,FALSE,FALSE,,,,9.587965042,,2888
1209,26,263,6.7,12,1.14,-8.442463041,126.3639585,FALSE,FALSE,,,,14.84065909,,2889
1209,26,315,6.7,12,0.46,-8.442143021,126.3666497,FALSE,FALSE,,,,8.587930988,,2890
1725,23,700,7.4,8,2.15,-8.618999077,126.3703289,FALSE,FALSE,,,,12.5026879,,2891
1706,23,843,7,12,3.27,-8.630851611,126.4172988,FALSE,FALSE,,,,14.68102872,,2892
1706,23,915,6.2,12,0.28,-8.633322493,126.4168135,FALSE,FALSE,,,,18.15486036,,2894